{
  "_name": "ProceeduralGeneration",
  "min": 0,
  "max": 0,
  "loot": [
    {
      "keep": "com.draco18s.artifacts.api.WeightedRandomArtifact",
      "id": "Artifacts:artifact",
      "damage": 0,
      "nbt": false,
      "count": 1
    },
    {
      "keep": "com.draco18s.artifacts.api.WeightedRandomArtifact",
      "id": "Artifacts:artifact_leather_helmet",
      "damage": 0,
      "nbt": false,
      "count": 1
    },
    {
      "keep": "com.draco18s.artifacts.api.WeightedRandomArtifact",
      "id": "Artifacts:artifact_leather_chestplate",
      "damage": 0,
      "nbt": false,
      "count": 1
    },
    {
      "keep": "com.draco18s.artifacts.api.WeightedRandomArtifact",
      "id": "Artifacts:artifact_leather_leggings",
      "damage": 0,
      "nbt": false,
      "count": 1
    },
    {
      "keep": "com.draco18s.artifacts.api.WeightedRandomArtifact",
      "id": "Artifacts:artifact_leather_boots",
      "damage": 0,
      "nbt": false,
      "count": 1
    },
    {
      "keep": "com.draco18s.artifacts.api.WeightedRandomArtifact",
      "id": "Artifacts:artifact_chainmail_helmet",
      "damage": 0,
      "nbt": false,
      "count": 1
    },
    {
      "keep": "com.draco18s.artifacts.api.WeightedRandomArtifact",
      "id": "Artifacts:artifact_chainmail_chestplate",
      "damage": 0,
      "nbt": false,
      "count": 1
    },
    {
      "keep": "com.draco18s.artifacts.api.WeightedRandomArtifact",
      "id": "Artifacts:artifact_chainmail_leggings",
      "damage": 0,
      "nbt": false,
      "count": 1
    },
    {
      "keep": "com.draco18s.artifacts.api.WeightedRandomArtifact",
      "id": "Artifacts:artifact_chainmail_boots",
      "damage": 0,
      "nbt": false,
      "count": 1
    },
    {
      "keep": "com.draco18s.artifacts.api.WeightedRandomArtifact",
      "id": "Artifacts:artifact_iron_helmet",
      "damage": 0,
      "nbt": false,
      "count": 1
    },
    {
      "keep": "com.draco18s.artifacts.api.WeightedRandomArtifact",
      "id": "Artifacts:artifact_iron_chestplate",
      "damage": 0,
      "nbt": false,
      "count": 1
    },
    {
      "keep": "com.draco18s.artifacts.api.WeightedRandomArtifact",
      "id": "Artifacts:artifact_iron_leggings",
      "damage": 0,
      "nbt": false,
      "count": 1
    },
    {
      "keep": "com.draco18s.artifacts.api.WeightedRandomArtifact",
      "id": "Artifacts:artifact_iron_boots",
      "damage": 0,
      "nbt": false,
      "count": 1
    },
    {
      "keep": "com.draco18s.artifacts.api.WeightedRandomArtifact",
      "id": "Artifacts:artifact_golden_helmet",
      "damage": 0,
      "nbt": false,
      "count": 1
    },
    {
      "keep": "com.draco18s.artifacts.api.WeightedRandomArtifact",
      "id": "Artifacts:artifact_golden_chestplate",
      "damage": 0,
      "nbt": false,
      "count": 1
    },
    {
      "keep": "com.draco18s.artifacts.api.WeightedRandomArtifact",
      "id": "Artifacts:artifact_golden_leggings",
      "damage": 0,
      "nbt": false,
      "count": 1
    },
    {
      "keep": "com.draco18s.artifacts.api.WeightedRandomArtifact",
      "id": "Artifacts:artifact_golden_boots",
      "damage": 0,
      "nbt": false,
      "count": 1
    },
    {
      "keep": "com.draco18s.artifacts.api.WeightedRandomArtifact",
      "id": "Artifacts:artifact_diamond_helmet",
      "damage": 0,
      "nbt": false,
      "count": 1
    },
    {
      "keep": "com.draco18s.artifacts.api.WeightedRandomArtifact",
      "id": "Artifacts:artifact_diamond_chestplate",
      "damage": 0,
      "nbt": false,
      "count": 1
    },
    {
      "keep": "com.draco18s.artifacts.api.WeightedRandomArtifact",
      "id": "Artifacts:artifact_diamond_leggings",
      "damage": 0,
      "nbt": false,
      "count": 1
    },
    {
      "keep": "com.draco18s.artifacts.api.WeightedRandomArtifact",
      "id": "Artifacts:artifact_diamond_boots",
      "damage": 0,
      "nbt": false,
      "count": 1
    }
  ]
}