{
  "0": "WATER",
  "1": "PLAINS",
  "2": "SAND",
  "3": "MOUNTAINS",
  "4": "FOREST",
  "5": "PINES",
  "6": "SWAMP",
  "7": "WATER",
  "9": "BEACH",
  "10": "FROZEN_WATER",
  "11": "FROZEN_WATER",
  "12": "SNOW",
  "13": "MOUNTAINS",
  "14": "MUSHROOM",
  "15": "BEACH",
  "17": "HILLS",
  "16": "BEACH",
  "19": "PINES_HILLS",
  "18": "FOREST_HILLS",
  "21": "JUNGLE",
  "20": "MOUNTAINS",
  "22": "JUNGLE_HILLS",
  "-6": [
    "zeldaswordskills:textures/atlas/zss_dungeon2_fin.png"
  ],
  "-5": [
    "zeldaswordskills:textures/atlas/zss_dungeon2.png"
  ],
  "-4": [
    "zeldaswordskills:textures/atlas/zss_dungeon4.png"
  ],
  "-3": "HOUSE",
  "-2": "FENCE",
  "33": "FOREST",
  "43": "PLAINS",
  "45": "SAND",
  "56": "MOUNTAINS"
}