{
  "_name": "A_WIZARD_DID_IT",
  "min": 0,
  "max": 0,
  "loot": [
    {
      "keep": "com.draco18s.artifacts.api.WeightedRandomArtifact",
      "id": "Artifacts:artifact",
      "damage": 0,
      "nbt": false,
      "count": 1
    },
    {
      "weight": 5,
      "id": "minecraft:enchanted_book",
      "damage": 0,
      "min": 1,
      "max": 1
    },
    {
      "weight": 3,
      "id": "minecraft:diamond",
      "damage": 0,
      "min": 2,
      "max": 5
    },
    {
      "weight": 5,
      "id": "minecraft:gold_nugget",
      "damage": 0,
      "min": 3,
      "max": 7
    },
    {
      "weight": 3,
      "id": "Artifacts:dust_orichalcum",
      "damage": 0,
      "min": 1,
      "max": 1
    },
    {
      "weight": 3,
      "id": "Artifacts:dust_orichalcum",
      "damage": 1,
      "min": 1,
      "max": 1
    },
    {
      "weight": 3,
      "id": "Artifacts:dust_orichalcum",
      "damage": 2,
      "min": 1,
      "max": 1
    },
    {
      "weight": 3,
      "id": "Artifacts:dust_orichalcum",
      "damage": 3,
      "min": 1,
      "max": 1
    },
    {
      "weight": 3,
      "id": "Artifacts:dust_orichalcum",
      "damage": 4,
      "min": 1,
      "max": 1
    },
    {
      "weight": 2,
      "id": "minecraft:experience_bottle",
      "damage": 0,
      "min": 1,
      "max": 1
    },
    {
      "weight": 2,
      "id": "Artifacts:dust_orichalcum",
      "damage": 0,
      "min": 4,
      "max": 12
    },
    {
      "keep": "com.draco18s.artifacts.api.WeightedRandomArtifact",
      "id": "Artifacts:artifact_leather_helmet",
      "damage": 0,
      "nbt": false,
      "count": 1
    },
    {
      "keep": "com.draco18s.artifacts.api.WeightedRandomArtifact",
      "id": "Artifacts:artifact_leather_chestplate",
      "damage": 0,
      "nbt": false,
      "count": 1
    },
    {
      "keep": "com.draco18s.artifacts.api.WeightedRandomArtifact",
      "id": "Artifacts:artifact_leather_leggings",
      "damage": 0,
      "nbt": false,
      "count": 1
    },
    {
      "keep": "com.draco18s.artifacts.api.WeightedRandomArtifact",
      "id": "Artifacts:artifact_leather_boots",
      "damage": 0,
      "nbt": false,
      "count": 1
    }
  ]
}