[
  {
    "name": "iron",
    "color": {
      "r": 0.88627,
      "g": 0.75294,
      "b": 0.66667,
      "a": 1
    },
    "result": {
      "name": "minecraft:iron_ingot",
      "meta": 0
    }
  },
  {
    "name": "gold",
    "color": {
      "r": 0.98824,
      "g": 0.93333,
      "b": 0.29412,
      "a": 1
    },
    "result": {
      "name": "minecraft:gold_ingot",
      "meta": 0
    }
  },
  {
    "name": "copper",
    "color": {
      "r": 1,
      "g": 0.67843,
      "b": 0.18039,
      "a": 1
    },
    "result": {
      "name": "thermalfoundation:material",
      "meta": 128
    }
  },
  {
    "name": "tin",
    "color": {
      "r": 0.69412,
      "g": 0.83922,
      "b": 0.97647,
      "a": 1
    },
    "result": {
      "name": "thermalfoundation:material",
      "meta": 129
    }
  },
  {
    "name": "silver",
    "color": {
      "r": 0.89412,
      "g": 0.98431,
      "b": 0.99608,
      "a": 1
    },
    "result": {
      "name": "thermalfoundation:material",
      "meta": 130
    }
  },
  {
    "name": "lead",
    "color": {
      "r": 0.41569,
      "g": 0.48627,
      "b": 0.66667,
      "a": 1
    },
    "result": {
      "name": "thermalfoundation:material",
      "meta": 131
    }
  },
  {
    "name": "aluminum",
    "color": {
      "r": 1,
      "g": 0.4902,
      "b": 0.47451,
      "a": 1
    },
    "result": {
      "name": "thermalfoundation:material",
      "meta": 132
    }
  },
  {
    "name": "nickel",
    "color": {
      "r": 0.85882,
      "g": 0.86275,
      "b": 0.69804,
      "a": 1
    },
    "result": {
      "name": "thermalfoundation:material",
      "meta": 133
    }
  },
  {
    "name": "platinum",
    "color": {
      "r": 0.21569,
      "g": 0.78039,
      "b": 1,
      "a": 1
    },
    "result": {
      "name": "thermalfoundation:material",
      "meta": 134
    }
  },
  {
    "name": "iridium",
    "color": {
      "r": 0.6549,
      "g": 0.65882,
      "b": 0.75294,
      "a": 1
    },
    "result": {
      "name": "thermalfoundation:material",
      "meta": 135
    }
  },
  {
    "name": "osmium",
    "color": {
      "r": 0.50163,
      "g": 0.58431,
      "b": 0.66275,
      "a": 1
    },
    "result": {
      "name": "mekanism:ingot",
      "meta": 1
    }
  }
]