{"allBlocks":[{"blockId":1,"blockMeta":0,"blockName":"tile.stone"},{"blockId":2,"blockMeta":0,"blockName":"tile.grass"},{"blockId":3,"blockMeta":0,"blockName":"tile.blockDirt"},{"blockId":3,"blockMeta":1,"blockName":"tile.blockDirt"},{"blockId":3,"blockMeta":2,"blockName":"tile.blockDirt"},{"blockId":3,"blockMeta":3,"blockName":"tile.blockDirt"},{"blockId":3,"blockMeta":4,"blockName":"tile.blockDirt"},{"blockId":3,"blockMeta":5,"blockName":"tile.blockDirt"},{"blockId":3,"blockMeta":6,"blockName":"tile.blockDirt"},{"blockId":3,"blockMeta":7,"blockName":"tile.blockDirt"},{"blockId":3,"blockMeta":8,"blockName":"tile.blockDirt"},{"blockId":3,"blockMeta":9,"blockName":"tile.blockDirt"},{"blockId":3,"blockMeta":10,"blockName":"tile.blockDirt"},{"blockId":3,"blockMeta":11,"blockName":"tile.blockDirt"},{"blockId":3,"blockMeta":12,"blockName":"tile.blockDirt"},{"blockId":3,"blockMeta":13,"blockName":"tile.blockDirt"},{"blockId":4,"blockMeta":0,"blockName":"tile.cobblestone"},{"blockId":4,"blockMeta":1,"blockName":"tile.cobblestone"},{"blockId":4,"blockMeta":2,"blockName":"tile.cobblestone"},{"blockId":4,"blockMeta":3,"blockName":"tile.cobblestone"},{"blockId":4,"blockMeta":4,"blockName":"tile.cobblestone"},{"blockId":4,"blockMeta":5,"blockName":"tile.cobblestone"},{"blockId":4,"blockMeta":6,"blockName":"tile.cobblestone"},{"blockId":4,"blockMeta":7,"blockName":"tile.cobblestone"},{"blockId":4,"blockMeta":8,"blockName":"tile.cobblestone"},{"blockId":4,"blockMeta":9,"blockName":"tile.cobblestone"},{"blockId":4,"blockMeta":10,"blockName":"tile.cobblestone"},{"blockId":4,"blockMeta":11,"blockName":"tile.cobblestone"},{"blockId":4,"blockMeta":12,"blockName":"tile.cobblestone"},{"blockId":4,"blockMeta":13,"blockName":"tile.cobblestone"},{"blockId":4,"blockMeta":14,"blockName":"tile.cobblestone"},{"blockId":4,"blockMeta":15,"blockName":"tile.cobblestone"},{"blockId":5,"blockMeta":0,"blockName":"tile.wood"},{"blockId":5,"blockMeta":1,"blockName":"tile.wood"},{"blockId":5,"blockMeta":2,"blockName":"tile.wood"},{"blockId":5,"blockMeta":3,"blockName":"tile.wood"},{"blockId":7,"blockMeta":0,"blockName":"tile.bedrock"},{"blockId":12,"blockMeta":0,"blockName":"tile.sand"},{"blockId":13,"blockMeta":0,"blockName":"tile.gravel"},{"blockId":14,"blockMeta":0,"blockName":"tile.oreGold"},{"blockId":15,"blockMeta":0,"blockName":"tile.oreIron"},{"blockId":16,"blockMeta":0,"blockName":"tile.oreCoal"},{"blockId":17,"blockMeta":0,"blockName":"tile.log"},{"blockId":17,"blockMeta":1,"blockName":"tile.log"},{"blockId":17,"blockMeta":2,"blockName":"tile.log"},{"blockId":17,"blockMeta":3,"blockName":"tile.log"},{"blockId":18,"blockMeta":0,"blockName":"tile.leaves"},{"blockId":18,"blockMeta":1,"blockName":"tile.leaves"},{"blockId":18,"blockMeta":2,"blockName":"tile.leaves"},{"blockId":18,"blockMeta":3,"blockName":"tile.leaves"},{"blockId":19,"blockMeta":0,"blockName":"tile.sponge"},{"blockId":21,"blockMeta":0,"blockName":"tile.oreLapis"},{"blockId":22,"blockMeta":0,"blockName":"tile.lapis"},{"blockId":22,"blockMeta":1,"blockName":"tile.lapis"},{"blockId":22,"blockMeta":2,"blockName":"tile.lapis"},{"blockId":22,"blockMeta":3,"blockName":"tile.lapis"},{"blockId":22,"blockMeta":4,"blockName":"tile.lapis"},{"blockId":22,"blockMeta":5,"blockName":"tile.lapis"},{"blockId":22,"blockMeta":6,"blockName":"tile.lapis"},{"blockId":22,"blockMeta":7,"blockName":"tile.lapis"},{"blockId":22,"blockMeta":8,"blockName":"tile.lapis"},{"blockId":23,"blockMeta":0,"blockName":"tile.dispenser"},{"blockId":24,"blockMeta":0,"blockName":"tile.sandstone"},{"blockId":24,"blockMeta":1,"blockName":"tile.sandstone"},{"blockId":24,"blockMeta":2,"blockName":"tile.sandstone"},{"blockId":24,"blockMeta":3,"blockName":"tile.sandstone"},{"blockId":24,"blockMeta":4,"blockName":"tile.sandstone"},{"blockId":24,"blockMeta":5,"blockName":"tile.sandstone"},{"blockId":24,"blockMeta":6,"blockName":"tile.sandstone"},{"blockId":24,"blockMeta":7,"blockName":"tile.sandstone"},{"blockId":24,"blockMeta":8,"blockName":"tile.sandstone"},{"blockId":24,"blockMeta":9,"blockName":"tile.sandstone"},{"blockId":24,"blockMeta":10,"blockName":"tile.sandstone"},{"blockId":24,"blockMeta":11,"blockName":"tile.sandstone"},{"blockId":24,"blockMeta":12,"blockName":"tile.sandstone"},{"blockId":24,"blockMeta":13,"blockName":"tile.sandstone"},{"blockId":24,"blockMeta":14,"blockName":"tile.sandstone"},{"blockId":24,"blockMeta":15,"blockName":"tile.sandstone"},{"blockId":25,"blockMeta":0,"blockName":"tile.musicBlock"},{"blockId":35,"blockMeta":0,"blockName":"tile.cloth"},{"blockId":35,"blockMeta":1,"blockName":"tile.cloth"},{"blockId":35,"blockMeta":2,"blockName":"tile.cloth"},{"blockId":35,"blockMeta":3,"blockName":"tile.cloth"},{"blockId":35,"blockMeta":4,"blockName":"tile.cloth"},{"blockId":35,"blockMeta":5,"blockName":"tile.cloth"},{"blockId":35,"blockMeta":6,"blockName":"tile.cloth"},{"blockId":35,"blockMeta":7,"blockName":"tile.cloth"},{"blockId":35,"blockMeta":8,"blockName":"tile.cloth"},{"blockId":35,"blockMeta":9,"blockName":"tile.cloth"},{"blockId":35,"blockMeta":10,"blockName":"tile.cloth"},{"blockId":35,"blockMeta":11,"blockName":"tile.cloth"},{"blockId":35,"blockMeta":12,"blockName":"tile.cloth"},{"blockId":35,"blockMeta":13,"blockName":"tile.cloth"},{"blockId":35,"blockMeta":14,"blockName":"tile.cloth"},{"blockId":35,"blockMeta":15,"blockName":"tile.cloth"},{"blockId":41,"blockMeta":0,"blockName":"tile.gold"},{"blockId":41,"blockMeta":1,"blockName":"tile.gold"},{"blockId":41,"blockMeta":2,"blockName":"tile.gold"},{"blockId":41,"blockMeta":3,"blockName":"tile.gold"},{"blockId":41,"blockMeta":4,"blockName":"tile.gold"},{"blockId":41,"blockMeta":5,"blockName":"tile.gold"},{"blockId":41,"blockMeta":6,"blockName":"tile.gold"},{"blockId":41,"blockMeta":7,"blockName":"tile.gold"},{"blockId":41,"blockMeta":8,"blockName":"tile.gold"},{"blockId":41,"blockMeta":9,"blockName":"tile.gold"},{"blockId":41,"blockMeta":10,"blockName":"tile.gold"},{"blockId":41,"blockMeta":11,"blockName":"tile.gold"},{"blockId":41,"blockMeta":12,"blockName":"tile.gold"},{"blockId":41,"blockMeta":13,"blockName":"tile.gold"},{"blockId":41,"blockMeta":14,"blockName":"tile.gold"},{"blockId":42,"blockMeta":0,"blockName":"tile.blockIron"},{"blockId":42,"blockMeta":1,"blockName":"tile.blockIron"},{"blockId":42,"blockMeta":2,"blockName":"tile.blockIron"},{"blockId":42,"blockMeta":3,"blockName":"tile.blockIron"},{"blockId":42,"blockMeta":4,"blockName":"tile.blockIron"},{"blockId":42,"blockMeta":5,"blockName":"tile.blockIron"},{"blockId":42,"blockMeta":6,"blockName":"tile.blockIron"},{"blockId":42,"blockMeta":7,"blockName":"tile.blockIron"},{"blockId":42,"blockMeta":8,"blockName":"tile.blockIron"},{"blockId":42,"blockMeta":9,"blockName":"tile.blockIron"},{"blockId":42,"blockMeta":10,"blockName":"tile.blockIron"},{"blockId":42,"blockMeta":11,"blockName":"tile.blockIron"},{"blockId":42,"blockMeta":12,"blockName":"tile.blockIron"},{"blockId":42,"blockMeta":13,"blockName":"tile.blockIron"},{"blockId":42,"blockMeta":14,"blockName":"tile.blockIron"},{"blockId":42,"blockMeta":15,"blockName":"tile.blockIron"},{"blockId":45,"blockMeta":0,"blockName":"tile.brick"},{"blockId":46,"blockMeta":0,"blockName":"tile.tnt"},{"blockId":47,"blockMeta":0,"blockName":"tile.blockBookshelf"},{"blockId":47,"blockMeta":1,"blockName":"tile.blockBookshelf"},{"blockId":47,"blockMeta":2,"blockName":"tile.blockBookshelf"},{"blockId":47,"blockMeta":3,"blockName":"tile.blockBookshelf"},{"blockId":47,"blockMeta":4,"blockName":"tile.blockBookshelf"},{"blockId":47,"blockMeta":5,"blockName":"tile.blockBookshelf"},{"blockId":47,"blockMeta":6,"blockName":"tile.blockBookshelf"},{"blockId":47,"blockMeta":7,"blockName":"tile.blockBookshelf"},{"blockId":47,"blockMeta":8,"blockName":"tile.blockBookshelf"},{"blockId":48,"blockMeta":0,"blockName":"tile.stoneMoss"},{"blockId":48,"blockMeta":1,"blockName":"tile.stoneMoss"},{"blockId":48,"blockMeta":2,"blockName":"tile.stoneMoss"},{"blockId":48,"blockMeta":3,"blockName":"tile.stoneMoss"},{"blockId":48,"blockMeta":4,"blockName":"tile.stoneMoss"},{"blockId":48,"blockMeta":5,"blockName":"tile.stoneMoss"},{"blockId":48,"blockMeta":6,"blockName":"tile.stoneMoss"},{"blockId":48,"blockMeta":7,"blockName":"tile.stoneMoss"},{"blockId":48,"blockMeta":8,"blockName":"tile.stoneMoss"},{"blockId":48,"blockMeta":9,"blockName":"tile.stoneMoss"},{"blockId":48,"blockMeta":10,"blockName":"tile.stoneMoss"},{"blockId":48,"blockMeta":11,"blockName":"tile.stoneMoss"},{"blockId":48,"blockMeta":12,"blockName":"tile.stoneMoss"},{"blockId":48,"blockMeta":13,"blockName":"tile.stoneMoss"},{"blockId":48,"blockMeta":14,"blockName":"tile.stoneMoss"},{"blockId":48,"blockMeta":15,"blockName":"tile.stoneMoss"},{"blockId":49,"blockMeta":0,"blockName":"tile.obsidian"},{"blockId":49,"blockMeta":1,"blockName":"tile.obsidian"},{"blockId":49,"blockMeta":2,"blockName":"tile.obsidian"},{"blockId":49,"blockMeta":3,"blockName":"tile.obsidian"},{"blockId":49,"blockMeta":4,"blockName":"tile.obsidian"},{"blockId":49,"blockMeta":5,"blockName":"tile.obsidian"},{"blockId":49,"blockMeta":6,"blockName":"tile.obsidian"},{"blockId":49,"blockMeta":7,"blockName":"tile.obsidian"},{"blockId":49,"blockMeta":8,"blockName":"tile.obsidian"},{"blockId":49,"blockMeta":9,"blockName":"tile.obsidian"},{"blockId":49,"blockMeta":10,"blockName":"tile.obsidian"},{"blockId":49,"blockMeta":11,"blockName":"tile.obsidian"},{"blockId":49,"blockMeta":12,"blockName":"tile.obsidian"},{"blockId":49,"blockMeta":13,"blockName":"tile.obsidian"},{"blockId":49,"blockMeta":14,"blockName":"tile.obsidian"},{"blockId":49,"blockMeta":15,"blockName":"tile.obsidian"},{"blockId":56,"blockMeta":0,"blockName":"tile.oreDiamond"},{"blockId":57,"blockMeta":0,"blockName":"tile.diamond"},{"blockId":57,"blockMeta":1,"blockName":"tile.diamond"},{"blockId":57,"blockMeta":2,"blockName":"tile.diamond"},{"blockId":57,"blockMeta":3,"blockName":"tile.diamond"},{"blockId":57,"blockMeta":4,"blockName":"tile.diamond"},{"blockId":57,"blockMeta":5,"blockName":"tile.diamond"},{"blockId":57,"blockMeta":6,"blockName":"tile.diamond"},{"blockId":57,"blockMeta":7,"blockName":"tile.diamond"},{"blockId":57,"blockMeta":8,"blockName":"tile.diamond"},{"blockId":57,"blockMeta":9,"blockName":"tile.diamond"},{"blockId":57,"blockMeta":10,"blockName":"tile.diamond"},{"blockId":57,"blockMeta":11,"blockName":"tile.diamond"},{"blockId":57,"blockMeta":12,"blockName":"tile.diamond"},{"blockId":58,"blockMeta":0,"blockName":"tile.workbench"},{"blockId":61,"blockMeta":0,"blockName":"tile.furnace"},{"blockId":62,"blockMeta":0,"blockName":"tile.furnace"},{"blockId":73,"blockMeta":0,"blockName":"tile.oreRedstone"},{"blockId":74,"blockMeta":0,"blockName":"tile.oreRedstone"},{"blockId":80,"blockMeta":0,"blockName":"tile.snow"},{"blockId":82,"blockMeta":0,"blockName":"tile.clay"},{"blockId":84,"blockMeta":0,"blockName":"tile.jukebox"},{"blockId":86,"blockMeta":0,"blockName":"tile.pumpkin"},{"blockId":87,"blockMeta":0,"blockName":"tile.hellrock"},{"blockId":87,"blockMeta":1,"blockName":"tile.hellrock"},{"blockId":87,"blockMeta":2,"blockName":"tile.hellrock"},{"blockId":87,"blockMeta":3,"blockName":"tile.hellrock"},{"blockId":87,"blockMeta":4,"blockName":"tile.hellrock"},{"blockId":87,"blockMeta":5,"blockName":"tile.hellrock"},{"blockId":87,"blockMeta":6,"blockName":"tile.hellrock"},{"blockId":87,"blockMeta":7,"blockName":"tile.hellrock"},{"blockId":87,"blockMeta":8,"blockName":"tile.hellrock"},{"blockId":87,"blockMeta":9,"blockName":"tile.hellrock"},{"blockId":87,"blockMeta":10,"blockName":"tile.hellrock"},{"blockId":87,"blockMeta":11,"blockName":"tile.hellrock"},{"blockId":87,"blockMeta":12,"blockName":"tile.hellrock"},{"blockId":87,"blockMeta":13,"blockName":"tile.hellrock"},{"blockId":87,"blockMeta":14,"blockName":"tile.hellrock"},{"blockId":88,"blockMeta":0,"blockName":"tile.hellsand"},{"blockId":89,"blockMeta":0,"blockName":"tile.lightstone"},{"blockId":89,"blockMeta":1,"blockName":"tile.lightstone"},{"blockId":89,"blockMeta":2,"blockName":"tile.lightstone"},{"blockId":89,"blockMeta":3,"blockName":"tile.lightstone"},{"blockId":89,"blockMeta":4,"blockName":"tile.lightstone"},{"blockId":89,"blockMeta":5,"blockName":"tile.lightstone"},{"blockId":89,"blockMeta":6,"blockName":"tile.lightstone"},{"blockId":89,"blockMeta":7,"blockName":"tile.lightstone"},{"blockId":89,"blockMeta":8,"blockName":"tile.lightstone"},{"blockId":89,"blockMeta":9,"blockName":"tile.lightstone"},{"blockId":89,"blockMeta":10,"blockName":"tile.lightstone"},{"blockId":89,"blockMeta":11,"blockName":"tile.lightstone"},{"blockId":89,"blockMeta":12,"blockName":"tile.lightstone"},{"blockId":89,"blockMeta":13,"blockName":"tile.lightstone"},{"blockId":89,"blockMeta":14,"blockName":"tile.lightstone"},{"blockId":89,"blockMeta":15,"blockName":"tile.lightstone"},{"blockId":91,"blockMeta":0,"blockName":"tile.litpumpkin"},{"blockId":95,"blockMeta":0,"blockName":"tile.lockedchest"},{"blockId":97,"blockMeta":0,"blockName":"tile.monsterStoneEgg"},{"blockId":97,"blockMeta":1,"blockName":"tile.monsterStoneEgg"},{"blockId":97,"blockMeta":2,"blockName":"tile.monsterStoneEgg"},{"blockId":98,"blockMeta":0,"blockName":"tile.stoneBrick"},{"blockId":98,"blockMeta":1,"blockName":"tile.stoneBrick"},{"blockId":98,"blockMeta":2,"blockName":"tile.stoneBrick"},{"blockId":98,"blockMeta":3,"blockName":"tile.stoneBrick"},{"blockId":98,"blockMeta":4,"blockName":"tile.stoneBrick"},{"blockId":98,"blockMeta":5,"blockName":"tile.stoneBrick"},{"blockId":98,"blockMeta":6,"blockName":"tile.stoneBrick"},{"blockId":98,"blockMeta":7,"blockName":"tile.stoneBrick"},{"blockId":98,"blockMeta":8,"blockName":"tile.stoneBrick"},{"blockId":98,"blockMeta":9,"blockName":"tile.stoneBrick"},{"blockId":98,"blockMeta":10,"blockName":"tile.stoneBrick"},{"blockId":98,"blockMeta":11,"blockName":"tile.stoneBrick"},{"blockId":98,"blockMeta":12,"blockName":"tile.stoneBrick"},{"blockId":98,"blockMeta":13,"blockName":"tile.stoneBrick"},{"blockId":98,"blockMeta":14,"blockName":"tile.stoneBrick"},{"blockId":98,"blockMeta":15,"blockName":"tile.stoneBrick"},{"blockId":99,"blockMeta":0,"blockName":"tile.mushroom"},{"blockId":100,"blockMeta":0,"blockName":"tile.mushroom"},{"blockId":103,"blockMeta":0,"blockName":"tile.melon"},{"blockId":110,"blockMeta":0,"blockName":"tile.mycel"},{"blockId":112,"blockMeta":0,"blockName":"tile.netherBrick"},{"blockId":112,"blockMeta":1,"blockName":"tile.netherBrick"},{"blockId":112,"blockMeta":2,"blockName":"tile.netherBrick"},{"blockId":112,"blockMeta":3,"blockName":"tile.netherBrick"},{"blockId":112,"blockMeta":4,"blockName":"tile.netherBrick"},{"blockId":112,"blockMeta":5,"blockName":"tile.netherBrick"},{"blockId":112,"blockMeta":6,"blockName":"tile.netherBrick"},{"blockId":112,"blockMeta":7,"blockName":"tile.netherBrick"},{"blockId":112,"blockMeta":8,"blockName":"tile.netherBrick"},{"blockId":112,"blockMeta":9,"blockName":"tile.netherBrick"},{"blockId":112,"blockMeta":10,"blockName":"tile.netherBrick"},{"blockId":112,"blockMeta":11,"blockName":"tile.netherBrick"},{"blockId":112,"blockMeta":12,"blockName":"tile.netherBrick"},{"blockId":112,"blockMeta":13,"blockName":"tile.netherBrick"},{"blockId":112,"blockMeta":14,"blockName":"tile.netherBrick"},{"blockId":112,"blockMeta":15,"blockName":"tile.netherBrick"},{"blockId":121,"blockMeta":0,"blockName":"tile.whiteStone"},{"blockId":123,"blockMeta":0,"blockName":"tile.null"},{"blockId":123,"blockMeta":1,"blockName":"tile.null"},{"blockId":123,"blockMeta":2,"blockName":"tile.null"},{"blockId":123,"blockMeta":3,"blockName":"tile.null"},{"blockId":123,"blockMeta":4,"blockName":"tile.null"},{"blockId":123,"blockMeta":5,"blockName":"tile.null"},{"blockId":123,"blockMeta":6,"blockName":"tile.null"},{"blockId":123,"blockMeta":7,"blockName":"tile.null"},{"blockId":123,"blockMeta":8,"blockName":"tile.null"},{"blockId":123,"blockMeta":9,"blockName":"tile.null"},{"blockId":123,"blockMeta":10,"blockName":"tile.null"},{"blockId":123,"blockMeta":11,"blockName":"tile.null"},{"blockId":123,"blockMeta":12,"blockName":"tile.null"},{"blockId":123,"blockMeta":13,"blockName":"tile.null"},{"blockId":123,"blockMeta":14,"blockName":"tile.null"},{"blockId":123,"blockMeta":15,"blockName":"tile.null"},{"blockId":124,"blockMeta":0,"blockName":"tile.null"},{"blockId":124,"blockMeta":1,"blockName":"tile.null"},{"blockId":124,"blockMeta":2,"blockName":"tile.null"},{"blockId":124,"blockMeta":3,"blockName":"tile.null"},{"blockId":124,"blockMeta":4,"blockName":"tile.null"},{"blockId":124,"blockMeta":5,"blockName":"tile.null"},{"blockId":124,"blockMeta":6,"blockName":"tile.null"},{"blockId":124,"blockMeta":7,"blockName":"tile.null"},{"blockId":124,"blockMeta":8,"blockName":"tile.null"},{"blockId":124,"blockMeta":9,"blockName":"tile.null"},{"blockId":124,"blockMeta":10,"blockName":"tile.null"},{"blockId":124,"blockMeta":11,"blockName":"tile.null"},{"blockId":124,"blockMeta":12,"blockName":"tile.null"},{"blockId":124,"blockMeta":13,"blockName":"tile.null"},{"blockId":124,"blockMeta":14,"blockName":"tile.null"},{"blockId":124,"blockMeta":15,"blockName":"tile.null"},{"blockId":129,"blockMeta":0,"blockName":"tile.oreEmerald"},{"blockId":133,"blockMeta":0,"blockName":"tile.emerald"},{"blockId":133,"blockMeta":1,"blockName":"tile.emerald"},{"blockId":133,"blockMeta":2,"blockName":"tile.emerald"},{"blockId":133,"blockMeta":3,"blockName":"tile.emerald"},{"blockId":133,"blockMeta":4,"blockName":"tile.emerald"},{"blockId":133,"blockMeta":5,"blockName":"tile.emerald"},{"blockId":133,"blockMeta":6,"blockName":"tile.emerald"},{"blockId":133,"blockMeta":7,"blockName":"tile.emerald"},{"blockId":133,"blockMeta":8,"blockName":"tile.emerald"},{"blockId":133,"blockMeta":9,"blockName":"tile.emerald"},{"blockId":133,"blockMeta":10,"blockName":"tile.emerald"},{"blockId":133,"blockMeta":11,"blockName":"tile.emerald"},{"blockId":137,"blockMeta":0,"blockName":"tile.commandBlock"},{"blockId":152,"blockMeta":0,"blockName":"tile.blockRedstone"},{"blockId":152,"blockMeta":1,"blockName":"tile.blockRedstone"},{"blockId":152,"blockMeta":2,"blockName":"tile.blockRedstone"},{"blockId":152,"blockMeta":3,"blockName":"tile.blockRedstone"},{"blockId":152,"blockMeta":4,"blockName":"tile.blockRedstone"},{"blockId":152,"blockMeta":5,"blockName":"tile.blockRedstone"},{"blockId":152,"blockMeta":6,"blockName":"tile.blockRedstone"},{"blockId":152,"blockMeta":7,"blockName":"tile.blockRedstone"},{"blockId":152,"blockMeta":8,"blockName":"tile.blockRedstone"},{"blockId":152,"blockMeta":9,"blockName":"tile.blockRedstone"},{"blockId":152,"blockMeta":10,"blockName":"tile.blockRedstone"},{"blockId":152,"blockMeta":11,"blockName":"tile.blockRedstone"},{"blockId":152,"blockMeta":12,"blockName":"tile.blockRedstone"},{"blockId":152,"blockMeta":13,"blockName":"tile.blockRedstone"},{"blockId":152,"blockMeta":14,"blockName":"tile.blockRedstone"},{"blockId":152,"blockMeta":15,"blockName":"tile.blockRedstone"},{"blockId":153,"blockMeta":0,"blockName":"tile.netherquartz"},{"blockId":155,"blockMeta":0,"blockName":"tile.quartzBlock"},{"blockId":155,"blockMeta":1,"blockName":"tile.quartzBlock"},{"blockId":155,"blockMeta":2,"blockName":"tile.quartzBlock"},{"blockId":158,"blockMeta":0,"blockName":"tile.dropper"},{"blockId":159,"blockMeta":0,"blockName":"tile.clayHardenedStained"},{"blockId":159,"blockMeta":1,"blockName":"tile.clayHardenedStained"},{"blockId":159,"blockMeta":2,"blockName":"tile.clayHardenedStained"},{"blockId":159,"blockMeta":3,"blockName":"tile.clayHardenedStained"},{"blockId":159,"blockMeta":4,"blockName":"tile.clayHardenedStained"},{"blockId":159,"blockMeta":5,"blockName":"tile.clayHardenedStained"},{"blockId":159,"blockMeta":6,"blockName":"tile.clayHardenedStained"},{"blockId":159,"blockMeta":7,"blockName":"tile.clayHardenedStained"},{"blockId":159,"blockMeta":8,"blockName":"tile.clayHardenedStained"},{"blockId":159,"blockMeta":9,"blockName":"tile.clayHardenedStained"},{"blockId":159,"blockMeta":10,"blockName":"tile.clayHardenedStained"},{"blockId":159,"blockMeta":11,"blockName":"tile.clayHardenedStained"},{"blockId":159,"blockMeta":12,"blockName":"tile.clayHardenedStained"},{"blockId":159,"blockMeta":13,"blockName":"tile.clayHardenedStained"},{"blockId":159,"blockMeta":14,"blockName":"tile.clayHardenedStained"},{"blockId":159,"blockMeta":15,"blockName":"tile.clayHardenedStained"},{"blockId":160,"blockMeta":0,"blockName":"tile.bop.mud"},{"blockId":160,"blockMeta":1,"blockName":"tile.bop.mud"},{"blockId":161,"blockMeta":0,"blockName":"tile.bop.generic.dried_dirt"},{"blockId":162,"blockMeta":0,"blockName":"tile.bop.redRocks"},{"blockId":162,"blockMeta":1,"blockName":"tile.bop.redRocks"},{"blockId":162,"blockMeta":2,"blockName":"tile.bop.redRocks"},{"blockId":163,"blockMeta":0,"blockName":"tile.bop.ash"},{"blockId":164,"blockMeta":0,"blockName":"tile.bop.generic.ash_stone"},{"blockId":165,"blockMeta":0,"blockName":"tile.bop.generic.hard_ice"},{"blockId":166,"blockMeta":0,"blockName":"tile.bop.originGrass"},{"blockId":167,"blockMeta":0,"blockName":"tile.bop.generic.hard_sand"},{"blockId":168,"blockMeta":0,"blockName":"tile.bop.generic.hard_dirt"},{"blockId":169,"blockMeta":0,"blockName":"tile.bop.holyGrass"},{"blockId":169,"blockMeta":1,"blockName":"tile.bop.holyGrass"},{"blockId":170,"blockMeta":0,"blockName":"tile.hayBlock"},{"blockId":172,"blockMeta":0,"blockName":"tile.clayHardened"},{"blockId":173,"blockMeta":0,"blockName":"tile.blockCoal"},{"blockId":174,"blockMeta":0,"blockName":"tile.bop.flesh"},{"blockId":245,"blockMeta":0,"blockName":"tile.bop.longGrass"},{"blockId":246,"blockMeta":0,"blockName":"tile.bop.generic.crag_rock"},{"blockId":247,"blockMeta":0,"blockName":"tile.bop.holyStone"},{"blockId":247,"blockMeta":1,"blockName":"tile.bop.holyStone"},{"blockId":247,"blockMeta":2,"blockName":"tile.bop.holyStone"},{"blockId":247,"blockMeta":3,"blockName":"tile.bop.holyStone"},{"blockId":248,"blockMeta":0,"blockName":"tile.bop.generic.holy_dirt"},{"blockId":250,"blockMeta":0,"blockName":"tile.TaintedSoil"},{"blockId":250,"blockMeta":1,"blockName":"tile.TaintedSoil"},{"blockId":250,"blockMeta":2,"blockName":"tile.TaintedSoil"},{"blockId":255,"blockMeta":0,"blockName":"tile.HeatSand"},{"blockId":256,"blockMeta":0,"blockName":"tile.ForgeFiller"},{"blockId":257,"blockMeta":0,"blockName":"tile.ForgeFiller"},{"blockId":258,"blockMeta":0,"blockName":"tile.ForgeFiller"},{"blockId":259,"blockMeta":0,"blockName":"tile.ForgeFiller"},{"blockId":260,"blockMeta":0,"blockName":"tile.ForgeFiller"},{"blockId":261,"blockMeta":0,"blockName":"tile.ForgeFiller"},{"blockId":262,"blockMeta":0,"blockName":"tile.ForgeFiller"},{"blockId":263,"blockMeta":0,"blockName":"tile.ForgeFiller"},{"blockId":264,"blockMeta":0,"blockName":"tile.ForgeFiller"},{"blockId":265,"blockMeta":0,"blockName":"tile.ForgeFiller"},{"blockId":266,"blockMeta":0,"blockName":"tile.ForgeFiller"},{"blockId":267,"blockMeta":0,"blockName":"tile.ForgeFiller"},{"blockId":268,"blockMeta":0,"blockName":"tile.ForgeFiller"},{"blockId":269,"blockMeta":0,"blockName":"tile.ForgeFiller"},{"blockId":270,"blockMeta":0,"blockName":"tile.ForgeFiller"},{"blockId":271,"blockMeta":0,"blockName":"tile.ForgeFiller"},{"blockId":272,"blockMeta":0,"blockName":"tile.ForgeFiller"},{"blockId":273,"blockMeta":0,"blockName":"tile.ForgeFiller"},{"blockId":274,"blockMeta":0,"blockName":"tile.ForgeFiller"},{"blockId":275,"blockMeta":0,"blockName":"tile.ForgeFiller"},{"blockId":276,"blockMeta":0,"blockName":"tile.ForgeFiller"},{"blockId":277,"blockMeta":0,"blockName":"tile.ForgeFiller"},{"blockId":278,"blockMeta":0,"blockName":"tile.ForgeFiller"},{"blockId":279,"blockMeta":0,"blockName":"tile.ForgeFiller"},{"blockId":280,"blockMeta":0,"blockName":"tile.ForgeFiller"},{"blockId":281,"blockMeta":0,"blockName":"tile.ForgeFiller"},{"blockId":282,"blockMeta":0,"blockName":"tile.ForgeFiller"},{"blockId":283,"blockMeta":0,"blockName":"tile.ForgeFiller"},{"blockId":284,"blockMeta":0,"blockName":"tile.ForgeFiller"},{"blockId":285,"blockMeta":0,"blockName":"tile.ForgeFiller"},{"blockId":286,"blockMeta":0,"blockName":"tile.ForgeFiller"},{"blockId":287,"blockMeta":0,"blockName":"tile.ForgeFiller"},{"blockId":288,"blockMeta":0,"blockName":"tile.ForgeFiller"},{"blockId":289,"blockMeta":0,"blockName":"tile.ForgeFiller"},{"blockId":290,"blockMeta":0,"blockName":"tile.ForgeFiller"},{"blockId":291,"blockMeta":0,"blockName":"tile.ForgeFiller"},{"blockId":292,"blockMeta":0,"blockName":"tile.ForgeFiller"},{"blockId":293,"blockMeta":0,"blockName":"tile.ForgeFiller"},{"blockId":294,"blockMeta":0,"blockName":"tile.ForgeFiller"},{"blockId":295,"blockMeta":0,"blockName":"tile.ForgeFiller"},{"blockId":296,"blockMeta":0,"blockName":"tile.ForgeFiller"},{"blockId":297,"blockMeta":0,"blockName":"tile.ForgeFiller"},{"blockId":298,"blockMeta":0,"blockName":"tile.ForgeFiller"},{"blockId":299,"blockMeta":0,"blockName":"tile.ForgeFiller"},{"blockId":300,"blockMeta":0,"blockName":"tile.ForgeFiller"},{"blockId":301,"blockMeta":0,"blockName":"tile.ForgeFiller"},{"blockId":302,"blockMeta":0,"blockName":"tile.ForgeFiller"},{"blockId":303,"blockMeta":0,"blockName":"tile.ForgeFiller"},{"blockId":304,"blockMeta":0,"blockName":"tile.ForgeFiller"},{"blockId":305,"blockMeta":0,"blockName":"tile.ForgeFiller"},{"blockId":306,"blockMeta":0,"blockName":"tile.ForgeFiller"},{"blockId":307,"blockMeta":0,"blockName":"tile.ForgeFiller"},{"blockId":308,"blockMeta":0,"blockName":"tile.ForgeFiller"},{"blockId":309,"blockMeta":0,"blockName":"tile.ForgeFiller"},{"blockId":310,"blockMeta":0,"blockName":"tile.ForgeFiller"},{"blockId":311,"blockMeta":0,"blockName":"tile.ForgeFiller"},{"blockId":312,"blockMeta":0,"blockName":"tile.ForgeFiller"},{"blockId":313,"blockMeta":0,"blockName":"tile.ForgeFiller"},{"blockId":314,"blockMeta":0,"blockName":"tile.ForgeFiller"},{"blockId":315,"blockMeta":0,"blockName":"tile.ForgeFiller"},{"blockId":316,"blockMeta":0,"blockName":"tile.ForgeFiller"},{"blockId":317,"blockMeta":0,"blockName":"tile.ForgeFiller"},{"blockId":318,"blockMeta":0,"blockName":"tile.ForgeFiller"},{"blockId":319,"blockMeta":0,"blockName":"tile.ForgeFiller"},{"blockId":320,"blockMeta":0,"blockName":"tile.ForgeFiller"},{"blockId":321,"blockMeta":0,"blockName":"tile.ForgeFiller"},{"blockId":322,"blockMeta":0,"blockName":"tile.ForgeFiller"},{"blockId":323,"blockMeta":0,"blockName":"tile.ForgeFiller"},{"blockId":324,"blockMeta":0,"blockName":"tile.ForgeFiller"},{"blockId":325,"blockMeta":0,"blockName":"tile.ForgeFiller"},{"blockId":326,"blockMeta":0,"blockName":"tile.ForgeFiller"},{"blockId":327,"blockMeta":0,"blockName":"tile.ForgeFiller"},{"blockId":328,"blockMeta":0,"blockName":"tile.ForgeFiller"},{"blockId":329,"blockMeta":0,"blockName":"tile.ForgeFiller"},{"blockId":330,"blockMeta":0,"blockName":"tile.ForgeFiller"},{"blockId":331,"blockMeta":0,"blockName":"tile.ForgeFiller"},{"blockId":332,"blockMeta":0,"blockName":"tile.ForgeFiller"},{"blockId":333,"blockMeta":0,"blockName":"tile.ForgeFiller"},{"blockId":334,"blockMeta":0,"blockName":"tile.ForgeFiller"},{"blockId":335,"blockMeta":0,"blockName":"tile.ForgeFiller"},{"blockId":336,"blockMeta":0,"blockName":"tile.ForgeFiller"},{"blockId":337,"blockMeta":0,"blockName":"tile.ForgeFiller"},{"blockId":338,"blockMeta":0,"blockName":"tile.ForgeFiller"},{"blockId":339,"blockMeta":0,"blockName":"tile.ForgeFiller"},{"blockId":340,"blockMeta":0,"blockName":"tile.ForgeFiller"},{"blockId":341,"blockMeta":0,"blockName":"tile.ForgeFiller"},{"blockId":342,"blockMeta":0,"blockName":"tile.ForgeFiller"},{"blockId":343,"blockMeta":0,"blockName":"tile.ForgeFiller"},{"blockId":344,"blockMeta":0,"blockName":"tile.ForgeFiller"},{"blockId":345,"blockMeta":0,"blockName":"tile.ForgeFiller"},{"blockId":346,"blockMeta":0,"blockName":"tile.ForgeFiller"},{"blockId":347,"blockMeta":0,"blockName":"tile.ForgeFiller"},{"blockId":348,"blockMeta":0,"blockName":"tile.ForgeFiller"},{"blockId":349,"blockMeta":0,"blockName":"tile.ForgeFiller"},{"blockId":350,"blockMeta":0,"blockName":"tile.ForgeFiller"},{"blockId":351,"blockMeta":0,"blockName":"tile.ForgeFiller"},{"blockId":352,"blockMeta":0,"blockName":"tile.ForgeFiller"},{"blockId":353,"blockMeta":0,"blockName":"tile.ForgeFiller"},{"blockId":354,"blockMeta":0,"blockName":"tile.ForgeFiller"},{"blockId":355,"blockMeta":0,"blockName":"tile.ForgeFiller"},{"blockId":356,"blockMeta":0,"blockName":"tile.ForgeFiller"},{"blockId":357,"blockMeta":0,"blockName":"tile.ForgeFiller"},{"blockId":358,"blockMeta":0,"blockName":"tile.ForgeFiller"},{"blockId":359,"blockMeta":0,"blockName":"tile.ForgeFiller"},{"blockId":360,"blockMeta":0,"blockName":"tile.ForgeFiller"},{"blockId":361,"blockMeta":0,"blockName":"tile.ForgeFiller"},{"blockId":362,"blockMeta":0,"blockName":"tile.ForgeFiller"},{"blockId":363,"blockMeta":0,"blockName":"tile.ForgeFiller"},{"blockId":364,"blockMeta":0,"blockName":"tile.ForgeFiller"},{"blockId":365,"blockMeta":0,"blockName":"tile.ForgeFiller"},{"blockId":366,"blockMeta":0,"blockName":"tile.ForgeFiller"},{"blockId":367,"blockMeta":0,"blockName":"tile.ForgeFiller"},{"blockId":368,"blockMeta":0,"blockName":"tile.ForgeFiller"},{"blockId":369,"blockMeta":0,"blockName":"tile.ForgeFiller"},{"blockId":370,"blockMeta":0,"blockName":"tile.ForgeFiller"},{"blockId":371,"blockMeta":0,"blockName":"tile.ForgeFiller"},{"blockId":372,"blockMeta":0,"blockName":"tile.ForgeFiller"},{"blockId":373,"blockMeta":0,"blockName":"tile.ForgeFiller"},{"blockId":374,"blockMeta":0,"blockName":"tile.ForgeFiller"},{"blockId":375,"blockMeta":0,"blockName":"tile.ForgeFiller"},{"blockId":376,"blockMeta":0,"blockName":"tile.ForgeFiller"},{"blockId":377,"blockMeta":0,"blockName":"tile.ForgeFiller"},{"blockId":378,"blockMeta":0,"blockName":"tile.ForgeFiller"},{"blockId":379,"blockMeta":0,"blockName":"tile.ForgeFiller"},{"blockId":380,"blockMeta":0,"blockName":"tile.ForgeFiller"},{"blockId":381,"blockMeta":0,"blockName":"tile.ForgeFiller"},{"blockId":382,"blockMeta":0,"blockName":"tile.ForgeFiller"},{"blockId":383,"blockMeta":0,"blockName":"tile.ForgeFiller"},{"blockId":384,"blockMeta":0,"blockName":"tile.ForgeFiller"},{"blockId":385,"blockMeta":0,"blockName":"tile.ForgeFiller"},{"blockId":386,"blockMeta":0,"blockName":"tile.ForgeFiller"},{"blockId":387,"blockMeta":0,"blockName":"tile.ForgeFiller"},{"blockId":388,"blockMeta":0,"blockName":"tile.ForgeFiller"},{"blockId":389,"blockMeta":0,"blockName":"tile.ForgeFiller"},{"blockId":390,"blockMeta":0,"blockName":"tile.ForgeFiller"},{"blockId":391,"blockMeta":0,"blockName":"tile.ForgeFiller"},{"blockId":392,"blockMeta":0,"blockName":"tile.ForgeFiller"},{"blockId":393,"blockMeta":0,"blockName":"tile.ForgeFiller"},{"blockId":394,"blockMeta":0,"blockName":"tile.ForgeFiller"},{"blockId":395,"blockMeta":0,"blockName":"tile.ForgeFiller"},{"blockId":396,"blockMeta":0,"blockName":"tile.ForgeFiller"},{"blockId":397,"blockMeta":0,"blockName":"tile.ForgeFiller"},{"blockId":398,"blockMeta":0,"blockName":"tile.ForgeFiller"},{"blockId":399,"blockMeta":0,"blockName":"tile.ForgeFiller"},{"blockId":400,"blockMeta":0,"blockName":"tile.ForgeFiller"},{"blockId":401,"blockMeta":0,"blockName":"tile.ForgeFiller"},{"blockId":402,"blockMeta":0,"blockName":"tile.ForgeFiller"},{"blockId":403,"blockMeta":0,"blockName":"tile.ForgeFiller"},{"blockId":404,"blockMeta":0,"blockName":"tile.ForgeFiller"},{"blockId":405,"blockMeta":0,"blockName":"tile.ForgeFiller"},{"blockId":406,"blockMeta":0,"blockName":"tile.ForgeFiller"},{"blockId":407,"blockMeta":0,"blockName":"tile.ForgeFiller"},{"blockId":408,"blockMeta":0,"blockName":"tile.ForgeFiller"},{"blockId":417,"blockMeta":0,"blockName":"tile.ForgeFiller"},{"blockId":418,"blockMeta":0,"blockName":"tile.ForgeFiller"},{"blockId":419,"blockMeta":0,"blockName":"tile.ForgeFiller"},{"blockId":420,"blockMeta":0,"blockName":"tile.ForgeFiller"},{"blockId":421,"blockMeta":0,"blockName":"tile.ForgeFiller"},{"blockId":602,"blockMeta":0,"blockName":"tile.moonBlock"},{"blockId":602,"blockMeta":1,"blockName":"tile.moonBlock"},{"blockId":602,"blockMeta":2,"blockName":"tile.moonBlock"},{"blockId":602,"blockMeta":3,"blockName":"tile.moonBlock"},{"blockId":602,"blockMeta":4,"blockName":"tile.moonBlock"},{"blockId":602,"blockMeta":5,"blockName":"tile.moonBlock"},{"blockId":602,"blockMeta":14,"blockName":"tile.moonBlock"},{"blockId":612,"blockMeta":0,"blockName":"tile.mfr.decorativebrick"},{"blockId":618,"blockMeta":0,"blockName":"tile.mfr.machine.0"},{"blockId":619,"blockMeta":0,"blockName":"tile.mfr.machine.1"},{"blockId":620,"blockMeta":0,"blockName":"tile.mfr.machine.2"},{"blockId":631,"blockMeta":0,"blockName":"tile.mfr.road"},{"blockId":632,"blockMeta":0,"blockName":"tile.mfr.rubberwood.leaves"},{"blockId":632,"blockMeta":1,"blockName":"tile.mfr.rubberwood.leaves"},{"blockId":634,"blockMeta":0,"blockName":"tile.mfr.rubberwood.log"},{"blockId":634,"blockMeta":1,"blockName":"tile.mfr.rubberwood.log"},{"blockId":639,"blockMeta":0,"blockName":"tile.mfr.decorativestone"},{"blockId":641,"blockMeta":0,"blockName":"tile.mfr.detcord"},{"blockId":711,"blockMeta":0,"blockName":"tile.combustionGenerator"},{"blockId":712,"blockMeta":0,"blockName":"tile.combustionGeneratorIdle"},{"blockId":713,"blockMeta":0,"blockName":"tile.dnaAnalyser"},{"blockId":714,"blockMeta":0,"blockName":"tile.dnaAutoSplitter"},{"blockId":715,"blockMeta":0,"blockName":"tile.dnaBreeder"},{"blockId":716,"blockMeta":0,"blockName":"tile.centrifuge"},{"blockId":717,"blockMeta":0,"blockName":"tile.dnaCombiner"},{"blockId":718,"blockMeta":0,"blockName":"tile.dnaEncoder"},{"blockId":719,"blockMeta":0,"blockName":"tile.dnaExtractor"},{"blockId":720,"blockMeta":0,"blockName":"tile.dnaRemover"},{"blockId":721,"blockMeta":0,"blockName":"tile.dnaSplitter"},{"blockId":722,"blockMeta":0,"blockName":"tile.dnaTransmutator"},{"blockId":725,"blockMeta":0,"blockName":"tile.autoScraper"},{"blockId":727,"blockMeta":0,"blockName":"tile.dnaInsulator"},{"blockId":752,"blockMeta":0,"blockName":"tile.artifice.detector"},{"blockId":754,"blockMeta":0,"blockName":"tile.artifice.basalt"},{"blockId":754,"blockMeta":1,"blockName":"tile.artifice.basalt"},{"blockId":754,"blockMeta":2,"blockName":"tile.artifice.basalt"},{"blockId":754,"blockMeta":3,"blockName":"tile.artifice.basalt"},{"blockId":754,"blockMeta":4,"blockName":"tile.artifice.basalt"},{"blockId":754,"blockMeta":5,"blockName":"tile.artifice.basalt"},{"blockId":755,"blockMeta":0,"blockName":"tile.artifice.marble"},{"blockId":755,"blockMeta":1,"blockName":"tile.artifice.marble"},{"blockId":755,"blockMeta":2,"blockName":"tile.artifice.marble"},{"blockId":755,"blockMeta":3,"blockName":"tile.artifice.marble"},{"blockId":755,"blockMeta":4,"blockName":"tile.artifice.marble"},{"blockId":755,"blockMeta":5,"blockName":"tile.artifice.marble"},{"blockId":765,"blockMeta":0,"blockName":"tile.artifice.steel"},{"blockId":766,"blockMeta":0,"blockName":"tile.artifice.reinforced"},{"blockId":766,"blockMeta":1,"blockName":"tile.artifice.reinforced"},{"blockId":766,"blockMeta":2,"blockName":"tile.artifice.reinforced"},{"blockId":766,"blockMeta":3,"blockName":"tile.artifice.reinforced"},{"blockId":826,"blockMeta":0,"blockName":"tile.hey"},{"blockId":827,"blockMeta":0,"blockName":"tile.nyan"},{"blockId":828,"blockMeta":0,"blockName":"tile.pattern"},{"blockId":864,"blockMeta":0,"blockName":"tile.whiteGlass"},{"blockId":865,"blockMeta":0,"blockName":"tile.yellowGlow"},{"blockId":901,"blockMeta":0,"blockName":"tile.automaticDialler"},{"blockId":907,"blockMeta":0,"blockName":"tile.portalModifier"},{"blockId":927,"blockMeta":0,"blockName":"tile.null"},{"blockId":952,"blockMeta":0,"blockName":"tile.archiBuffer"},{"blockId":953,"blockMeta":0,"blockName":"tile.archiEngine"},{"blockId":954,"blockMeta":0,"blockName":"tile.archiFloater"},{"blockId":956,"blockMeta":0,"blockName":"tile.markShip"},{"blockId":989,"blockMeta":0,"blockName":"tile.null"},{"blockId":989,"blockMeta":1,"blockName":"tile.null"},{"blockId":989,"blockMeta":2,"blockName":"tile.null"},{"blockId":989,"blockMeta":3,"blockName":"tile.null"},{"blockId":989,"blockMeta":4,"blockName":"tile.null"},{"blockId":989,"blockMeta":5,"blockName":"tile.null"},{"blockId":989,"blockMeta":7,"blockName":"tile.null"},{"blockId":1026,"blockMeta":0,"blockName":"tile.autoPlacer"},{"blockId":1027,"blockMeta":0,"blockName":"tile.blockBreaker"},{"blockId":1028,"blockMeta":0,"blockName":"tile.blockDetector"},{"blockId":1029,"blockMeta":0,"blockName":"tile.enderPorter"},{"blockId":1030,"blockMeta":0,"blockName":"tile.entityDetector"},{"blockId":1032,"blockMeta":0,"blockName":"tile.fluidDisplay"},{"blockId":1033,"blockMeta":0,"blockName":"tile.inventoryInterface"},{"blockId":1035,"blockMeta":0,"blockName":"tile.onlineDetector"},{"blockId":1036,"blockMeta":0,"blockName":"tile.playerinterface"},{"blockId":1037,"blockMeta":0,"blockName":"tile.shockAbsorber"},{"blockId":1038,"blockMeta":0,"blockName":"tile.blockTeleporter"},{"blockId":1039,"blockMeta":0,"blockName":"tile.imbuingStation"},{"blockId":1051,"blockMeta":0,"blockName":"tile.oxygenCollector"},{"blockId":1052,"blockMeta":0,"blockName":"tile.oxygenCompressor"},{"blockId":1052,"blockMeta":4,"blockName":"tile.oxygenCompressor"},{"blockId":1053,"blockMeta":0,"blockName":"tile.distributor"},{"blockId":1054,"blockMeta":0,"blockName":"tile.airLockFrame"},{"blockId":1054,"blockMeta":1,"blockName":"tile.airLockFrame"},{"blockId":1057,"blockMeta":0,"blockName":"tile.cargo"},{"blockId":1057,"blockMeta":4,"blockName":"tile.cargo"},{"blockId":1061,"blockMeta":3,"blockName":"tile.gcBlockCore"},{"blockId":1061,"blockMeta":4,"blockName":"tile.gcBlockCore"},{"blockId":1061,"blockMeta":5,"blockName":"tile.gcBlockCore"},{"blockId":1061,"blockMeta":6,"blockName":"tile.gcBlockCore"},{"blockId":1061,"blockMeta":7,"blockName":"tile.gcBlockCore"},{"blockId":1061,"blockMeta":8,"blockName":"tile.gcBlockCore"},{"blockId":1061,"blockMeta":9,"blockName":"tile.gcBlockCore"},{"blockId":1061,"blockMeta":10,"blockName":"tile.gcBlockCore"},{"blockId":1061,"blockMeta":11,"blockName":"tile.gcBlockCore"},{"blockId":1063,"blockMeta":14,"blockName":"tile.enclosed"},{"blockId":1063,"blockMeta":15,"blockName":"tile.enclosed"},{"blockId":1063,"blockMeta":1,"blockName":"tile.enclosed"},{"blockId":1066,"blockMeta":0,"blockName":"tile.fuelLoader"},{"blockId":1070,"blockMeta":0,"blockName":"tile.machine"},{"blockId":1070,"blockMeta":4,"blockName":"tile.machine"},{"blockId":1070,"blockMeta":8,"blockName":"tile.machine"},{"blockId":1070,"blockMeta":12,"blockName":"tile.machine"},{"blockId":1071,"blockMeta":0,"blockName":"tile.machine2"},{"blockId":1071,"blockMeta":4,"blockName":"tile.machine2"},{"blockId":1071,"blockMeta":8,"blockName":"tile.machine2"},{"blockId":1072,"blockMeta":0,"blockName":"tile.oxygenDetector"},{"blockId":1073,"blockMeta":0,"blockName":"tile.sealer"},{"blockId":1075,"blockMeta":0,"blockName":"tile.refinery"},{"blockId":1079,"blockMeta":0,"blockName":"tile.spaceStationBase"},{"blockId":1157,"blockMeta":0,"blockName":"tile.bloodwood"},{"blockId":1157,"blockMeta":15,"blockName":"tile.bloodwood"},{"blockId":1165,"blockMeta":0,"blockName":"tile.bookshelf"},{"blockId":1165,"blockMeta":1,"blockName":"tile.bookshelf"},{"blockId":1165,"blockMeta":2,"blockName":"tile.bookshelf"},{"blockId":1165,"blockMeta":3,"blockName":"tile.bookshelf"},{"blockId":1165,"blockMeta":4,"blockName":"tile.bookshelf"},{"blockId":1165,"blockMeta":5,"blockName":"tile.bookshelf"},{"blockId":1165,"blockMeta":6,"blockName":"tile.bookshelf"},{"blockId":1165,"blockMeta":7,"blockName":"tile.bookshelf"},{"blockId":1165,"blockMeta":8,"blockName":"tile.bookshelf"},{"blockId":1165,"blockMeta":9,"blockName":"tile.bookshelf"},{"blockId":1165,"blockMeta":10,"blockName":"tile.bookshelf"},{"blockId":1165,"blockMeta":11,"blockName":"tile.bookshelf"},{"blockId":1165,"blockMeta":12,"blockName":"tile.bookshelf"},{"blockId":1167,"blockMeta":0,"blockName":"tile.workbench"},{"blockId":1167,"blockMeta":1,"blockName":"tile.workbench"},{"blockId":1167,"blockMeta":2,"blockName":"tile.workbench"},{"blockId":1167,"blockMeta":3,"blockName":"tile.workbench"},{"blockId":1167,"blockMeta":4,"blockName":"tile.workbench"},{"blockId":1167,"blockMeta":5,"blockName":"tile.workbench"},{"blockId":1167,"blockMeta":6,"blockName":"tile.workbench"},{"blockId":1167,"blockMeta":7,"blockName":"tile.workbench"},{"blockId":1167,"blockMeta":8,"blockName":"tile.workbench"},{"blockId":1167,"blockMeta":9,"blockName":"tile.workbench"},{"blockId":1167,"blockMeta":10,"blockName":"tile.workbench"},{"blockId":1167,"blockMeta":11,"blockName":"tile.workbench"},{"blockId":1167,"blockMeta":12,"blockName":"tile.workbench"},{"blockId":1171,"blockMeta":0,"blockName":"tile.Darkleaves"},{"blockId":1171,"blockMeta":1,"blockName":"tile.Darkleaves"},{"blockId":1171,"blockMeta":2,"blockName":"tile.Darkleaves"},{"blockId":1171,"blockMeta":3,"blockName":"tile.Darkleaves"},{"blockId":1172,"blockMeta":0,"blockName":"tile.Darktree"},{"blockId":1172,"blockMeta":1,"blockName":"tile.Darktree"},{"blockId":1183,"blockMeta":0,"blockName":"tile.natura.leaves"},{"blockId":1183,"blockMeta":1,"blockName":"tile.natura.leaves"},{"blockId":1183,"blockMeta":2,"blockName":"tile.natura.leaves"},{"blockId":1213,"blockMeta":0,"blockName":"tile.natura.planks"},{"blockId":1213,"blockMeta":1,"blockName":"tile.natura.planks"},{"blockId":1213,"blockMeta":2,"blockName":"tile.natura.planks"},{"blockId":1213,"blockMeta":3,"blockName":"tile.natura.planks"},{"blockId":1213,"blockMeta":4,"blockName":"tile.natura.planks"},{"blockId":1213,"blockMeta":5,"blockName":"tile.natura.planks"},{"blockId":1213,"blockMeta":6,"blockName":"tile.natura.planks"},{"blockId":1213,"blockMeta":7,"blockName":"tile.natura.planks"},{"blockId":1213,"blockMeta":8,"blockName":"tile.natura.planks"},{"blockId":1213,"blockMeta":9,"blockName":"tile.natura.planks"},{"blockId":1213,"blockMeta":10,"blockName":"tile.natura.planks"},{"blockId":1213,"blockMeta":11,"blockName":"tile.natura.planks"},{"blockId":1213,"blockMeta":12,"blockName":"tile.natura.planks"},{"blockId":1215,"blockMeta":0,"blockName":"tile.RareLeaves"},{"blockId":1215,"blockMeta":1,"blockName":"tile.RareLeaves"},{"blockId":1215,"blockMeta":2,"blockName":"tile.RareLeaves"},{"blockId":1215,"blockMeta":3,"blockName":"tile.RareLeaves"},{"blockId":1216,"blockMeta":0,"blockName":"tile.RareTree"},{"blockId":1216,"blockMeta":1,"blockName":"tile.RareTree"},{"blockId":1216,"blockMeta":2,"blockName":"tile.RareTree"},{"blockId":1216,"blockMeta":3,"blockName":"tile.RareTree"},{"blockId":1219,"blockMeta":0,"blockName":"tile.natura.redwood"},{"blockId":1219,"blockMeta":1,"blockName":"tile.natura.redwood"},{"blockId":1219,"blockMeta":2,"blockName":"tile.natura.redwood"},{"blockId":1230,"blockMeta":0,"blockName":"tile.natura.leavesnocolor"},{"blockId":1230,"blockMeta":1,"blockName":"tile.natura.leavesnocolor"},{"blockId":1230,"blockMeta":2,"blockName":"tile.natura.leavesnocolor"},{"blockId":1230,"blockMeta":3,"blockName":"tile.natura.leavesnocolor"},{"blockId":1247,"blockMeta":0,"blockName":"tile.GrassBlock"},{"blockId":1247,"blockMeta":1,"blockName":"tile.GrassBlock"},{"blockId":1247,"blockMeta":2,"blockName":"tile.GrassBlock"},{"blockId":1251,"blockMeta":0,"blockName":"tile.willow"},{"blockId":1255,"blockMeta":0,"blockName":"tile.natura.treeblock"},{"blockId":1255,"blockMeta":1,"blockName":"tile.natura.treeblock"},{"blockId":1255,"blockMeta":2,"blockName":"tile.natura.treeblock"},{"blockId":1255,"blockMeta":3,"blockName":"tile.natura.treeblock"},{"blockId":1265,"blockMeta":0,"blockName":"tile.furnace.netherrack"},{"blockId":1268,"blockMeta":0,"blockName":"tile.nether.obelisk"},{"blockId":1354,"blockMeta":0,"blockName":"tile.mars"},{"blockId":1354,"blockMeta":1,"blockName":"tile.mars"},{"blockId":1354,"blockMeta":2,"blockName":"tile.mars"},{"blockId":1354,"blockMeta":3,"blockName":"tile.mars"},{"blockId":1354,"blockMeta":4,"blockName":"tile.mars"},{"blockId":1354,"blockMeta":5,"blockName":"tile.mars"},{"blockId":1354,"blockMeta":6,"blockName":"tile.mars"},{"blockId":1354,"blockMeta":7,"blockName":"tile.mars"},{"blockId":1354,"blockMeta":8,"blockName":"tile.mars"},{"blockId":1354,"blockMeta":9,"blockName":"tile.mars"},{"blockId":1376,"blockMeta":0,"blockName":"tile.limestone"},{"blockId":1376,"blockMeta":1,"blockName":"tile.limestone"},{"blockId":1376,"blockMeta":2,"blockName":"tile.limestone"},{"blockId":1376,"blockMeta":3,"blockName":"tile.limestone"},{"blockId":1376,"blockMeta":4,"blockName":"tile.limestone"},{"blockId":1376,"blockMeta":5,"blockName":"tile.limestone"},{"blockId":1376,"blockMeta":6,"blockName":"tile.limestone"},{"blockId":1376,"blockMeta":7,"blockName":"tile.limestone"},{"blockId":1376,"blockMeta":8,"blockName":"tile.limestone"},{"blockId":1376,"blockMeta":9,"blockName":"tile.limestone"},{"blockId":1376,"blockMeta":10,"blockName":"tile.limestone"},{"blockId":1376,"blockMeta":11,"blockName":"tile.limestone"},{"blockId":1376,"blockMeta":12,"blockName":"tile.limestone"},{"blockId":1376,"blockMeta":13,"blockName":"tile.limestone"},{"blockId":1376,"blockMeta":14,"blockName":"tile.limestone"},{"blockId":1376,"blockMeta":15,"blockName":"tile.limestone"},{"blockId":1387,"blockMeta":0,"blockName":"tile.marble"},{"blockId":1387,"blockMeta":1,"blockName":"tile.marble"},{"blockId":1387,"blockMeta":2,"blockName":"tile.marble"},{"blockId":1387,"blockMeta":3,"blockName":"tile.marble"},{"blockId":1387,"blockMeta":4,"blockName":"tile.marble"},{"blockId":1387,"blockMeta":5,"blockName":"tile.marble"},{"blockId":1387,"blockMeta":6,"blockName":"tile.marble"},{"blockId":1387,"blockMeta":7,"blockName":"tile.marble"},{"blockId":1387,"blockMeta":8,"blockName":"tile.marble"},{"blockId":1387,"blockMeta":9,"blockName":"tile.marble"},{"blockId":1387,"blockMeta":10,"blockName":"tile.marble"},{"blockId":1387,"blockMeta":11,"blockName":"tile.marble"},{"blockId":1387,"blockMeta":12,"blockName":"tile.marble"},{"blockId":1387,"blockMeta":13,"blockName":"tile.marble"},{"blockId":1387,"blockMeta":14,"blockName":"tile.marble"},{"blockId":1387,"blockMeta":15,"blockName":"tile.marble"},{"blockId":1388,"blockMeta":0,"blockName":"tile.marblePillar"},{"blockId":1388,"blockMeta":1,"blockName":"tile.marblePillar"},{"blockId":1388,"blockMeta":2,"blockName":"tile.marblePillar"},{"blockId":1388,"blockMeta":3,"blockName":"tile.marblePillar"},{"blockId":1388,"blockMeta":4,"blockName":"tile.marblePillar"},{"blockId":1388,"blockMeta":5,"blockName":"tile.marblePillar"},{"blockId":1388,"blockMeta":6,"blockName":"tile.marblePillar"},{"blockId":1388,"blockMeta":7,"blockName":"tile.marblePillar"},{"blockId":1388,"blockMeta":8,"blockName":"tile.marblePillar"},{"blockId":1388,"blockMeta":9,"blockName":"tile.marblePillar"},{"blockId":1388,"blockMeta":10,"blockName":"tile.marblePillar"},{"blockId":1388,"blockMeta":11,"blockName":"tile.marblePillar"},{"blockId":1388,"blockMeta":12,"blockName":"tile.marblePillar"},{"blockId":1388,"blockMeta":13,"blockName":"tile.marblePillar"},{"blockId":1388,"blockMeta":14,"blockName":"tile.marblePillar"},{"blockId":1388,"blockMeta":15,"blockName":"tile.marblePillar"},{"blockId":1401,"blockMeta":0,"blockName":"tile.blockCarpet"},{"blockId":1401,"blockMeta":1,"blockName":"tile.blockCarpet"},{"blockId":1401,"blockMeta":2,"blockName":"tile.blockCarpet"},{"blockId":1401,"blockMeta":3,"blockName":"tile.blockCarpet"},{"blockId":1401,"blockMeta":4,"blockName":"tile.blockCarpet"},{"blockId":1401,"blockMeta":5,"blockName":"tile.blockCarpet"},{"blockId":1401,"blockMeta":6,"blockName":"tile.blockCarpet"},{"blockId":1401,"blockMeta":7,"blockName":"tile.blockCarpet"},{"blockId":1401,"blockMeta":8,"blockName":"tile.blockCarpet"},{"blockId":1401,"blockMeta":9,"blockName":"tile.blockCarpet"},{"blockId":1401,"blockMeta":10,"blockName":"tile.blockCarpet"},{"blockId":1401,"blockMeta":11,"blockName":"tile.blockCarpet"},{"blockId":1401,"blockMeta":12,"blockName":"tile.blockCarpet"},{"blockId":1401,"blockMeta":13,"blockName":"tile.blockCarpet"},{"blockId":1401,"blockMeta":14,"blockName":"tile.blockCarpet"},{"blockId":1401,"blockMeta":15,"blockName":"tile.blockCarpet"},{"blockId":1403,"blockMeta":0,"blockName":"tile.concrete"},{"blockId":1403,"blockMeta":1,"blockName":"tile.concrete"},{"blockId":1403,"blockMeta":2,"blockName":"tile.concrete"},{"blockId":1403,"blockMeta":3,"blockName":"tile.concrete"},{"blockId":1403,"blockMeta":4,"blockName":"tile.concrete"},{"blockId":1403,"blockMeta":5,"blockName":"tile.concrete"},{"blockId":1403,"blockMeta":6,"blockName":"tile.concrete"},{"blockId":1403,"blockMeta":7,"blockName":"tile.concrete"},{"blockId":1403,"blockMeta":8,"blockName":"tile.concrete"},{"blockId":1403,"blockMeta":9,"blockName":"tile.concrete"},{"blockId":1403,"blockMeta":10,"blockName":"tile.concrete"},{"blockId":1404,"blockMeta":0,"blockName":"tile.blockFactory"},{"blockId":1404,"blockMeta":1,"blockName":"tile.blockFactory"},{"blockId":1404,"blockMeta":2,"blockName":"tile.blockFactory"},{"blockId":1404,"blockMeta":3,"blockName":"tile.blockFactory"},{"blockId":1404,"blockMeta":4,"blockName":"tile.blockFactory"},{"blockId":1404,"blockMeta":5,"blockName":"tile.blockFactory"},{"blockId":1404,"blockMeta":6,"blockName":"tile.blockFactory"},{"blockId":1404,"blockMeta":7,"blockName":"tile.blockFactory"},{"blockId":1404,"blockMeta":8,"blockName":"tile.blockFactory"},{"blockId":1404,"blockMeta":9,"blockName":"tile.blockFactory"},{"blockId":1404,"blockMeta":10,"blockName":"tile.blockFactory"},{"blockId":1404,"blockMeta":11,"blockName":"tile.blockFactory"},{"blockId":1404,"blockMeta":12,"blockName":"tile.blockFactory"},{"blockId":1404,"blockMeta":13,"blockName":"tile.blockFactory"},{"blockId":1404,"blockMeta":14,"blockName":"tile.blockFactory"},{"blockId":1404,"blockMeta":15,"blockName":"tile.blockFactory"},{"blockId":1405,"blockMeta":0,"blockName":"tile.blockFft"},{"blockId":1405,"blockMeta":1,"blockName":"tile.blockFft"},{"blockId":1405,"blockMeta":2,"blockName":"tile.blockFft"},{"blockId":1405,"blockMeta":3,"blockName":"tile.blockFft"},{"blockId":1405,"blockMeta":4,"blockName":"tile.blockFft"},{"blockId":1405,"blockMeta":5,"blockName":"tile.blockFft"},{"blockId":1405,"blockMeta":6,"blockName":"tile.blockFft"},{"blockId":1405,"blockMeta":7,"blockName":"tile.blockFft"},{"blockId":1405,"blockMeta":8,"blockName":"tile.blockFft"},{"blockId":1405,"blockMeta":9,"blockName":"tile.blockFft"},{"blockId":1405,"blockMeta":10,"blockName":"tile.blockFft"},{"blockId":1405,"blockMeta":11,"blockName":"tile.blockFft"},{"blockId":1405,"blockMeta":12,"blockName":"tile.blockFft"},{"blockId":1405,"blockMeta":13,"blockName":"tile.blockFft"},{"blockId":1405,"blockMeta":14,"blockName":"tile.blockFft"},{"blockId":1405,"blockMeta":15,"blockName":"tile.blockFft"},{"blockId":1406,"blockMeta":0,"blockName":"tile.blockHolystone"},{"blockId":1406,"blockMeta":1,"blockName":"tile.blockHolystone"},{"blockId":1406,"blockMeta":2,"blockName":"tile.blockHolystone"},{"blockId":1406,"blockMeta":3,"blockName":"tile.blockHolystone"},{"blockId":1406,"blockMeta":4,"blockName":"tile.blockHolystone"},{"blockId":1406,"blockMeta":5,"blockName":"tile.blockHolystone"},{"blockId":1406,"blockMeta":6,"blockName":"tile.blockHolystone"},{"blockId":1406,"blockMeta":7,"blockName":"tile.blockHolystone"},{"blockId":1406,"blockMeta":8,"blockName":"tile.blockHolystone"},{"blockId":1406,"blockMeta":9,"blockName":"tile.blockHolystone"},{"blockId":1406,"blockMeta":10,"blockName":"tile.blockHolystone"},{"blockId":1406,"blockMeta":11,"blockName":"tile.blockHolystone"},{"blockId":1406,"blockMeta":12,"blockName":"tile.blockHolystone"},{"blockId":1406,"blockMeta":13,"blockName":"tile.blockHolystone"},{"blockId":1416,"blockMeta":0,"blockName":"tile.blockLavastone"},{"blockId":1416,"blockMeta":1,"blockName":"tile.blockLavastone"},{"blockId":1416,"blockMeta":2,"blockName":"tile.blockLavastone"},{"blockId":1416,"blockMeta":3,"blockName":"tile.blockLavastone"},{"blockId":1416,"blockMeta":4,"blockName":"tile.blockLavastone"},{"blockId":1416,"blockMeta":5,"blockName":"tile.blockLavastone"},{"blockId":1416,"blockMeta":6,"blockName":"tile.blockLavastone"},{"blockId":1418,"blockMeta":1,"blockName":"tile.sandSnakestone"},{"blockId":1418,"blockMeta":13,"blockName":"tile.sandSnakestone"},{"blockId":1419,"blockMeta":0,"blockName":"tile.sandstoneScribbles"},{"blockId":1419,"blockMeta":1,"blockName":"tile.sandstoneScribbles"},{"blockId":1419,"blockMeta":2,"blockName":"tile.sandstoneScribbles"},{"blockId":1419,"blockMeta":3,"blockName":"tile.sandstoneScribbles"},{"blockId":1419,"blockMeta":4,"blockName":"tile.sandstoneScribbles"},{"blockId":1419,"blockMeta":5,"blockName":"tile.sandstoneScribbles"},{"blockId":1419,"blockMeta":6,"blockName":"tile.sandstoneScribbles"},{"blockId":1419,"blockMeta":7,"blockName":"tile.sandstoneScribbles"},{"blockId":1419,"blockMeta":8,"blockName":"tile.sandstoneScribbles"},{"blockId":1419,"blockMeta":9,"blockName":"tile.sandstoneScribbles"},{"blockId":1419,"blockMeta":10,"blockName":"tile.sandstoneScribbles"},{"blockId":1419,"blockMeta":11,"blockName":"tile.sandstoneScribbles"},{"blockId":1419,"blockMeta":12,"blockName":"tile.sandstoneScribbles"},{"blockId":1419,"blockMeta":13,"blockName":"tile.sandstoneScribbles"},{"blockId":1419,"blockMeta":14,"blockName":"tile.sandstoneScribbles"},{"blockId":1419,"blockMeta":15,"blockName":"tile.sandstoneScribbles"},{"blockId":1420,"blockMeta":1,"blockName":"tile.snakestone"},{"blockId":1420,"blockMeta":13,"blockName":"tile.snakestone"},{"blockId":1421,"blockMeta":1,"blockName":"tile.obsidianSnakestone"},{"blockId":1421,"blockMeta":13,"blockName":"tile.obsidianSnakestone"},{"blockId":1422,"blockMeta":0,"blockName":"tile.blockTemple"},{"blockId":1422,"blockMeta":1,"blockName":"tile.blockTemple"},{"blockId":1422,"blockMeta":2,"blockName":"tile.blockTemple"},{"blockId":1422,"blockMeta":3,"blockName":"tile.blockTemple"},{"blockId":1422,"blockMeta":4,"blockName":"tile.blockTemple"},{"blockId":1422,"blockMeta":5,"blockName":"tile.blockTemple"},{"blockId":1422,"blockMeta":6,"blockName":"tile.blockTemple"},{"blockId":1422,"blockMeta":7,"blockName":"tile.blockTemple"},{"blockId":1422,"blockMeta":8,"blockName":"tile.blockTemple"},{"blockId":1422,"blockMeta":9,"blockName":"tile.blockTemple"},{"blockId":1422,"blockMeta":10,"blockName":"tile.blockTemple"},{"blockId":1422,"blockMeta":11,"blockName":"tile.blockTemple"},{"blockId":1422,"blockMeta":12,"blockName":"tile.blockTemple"},{"blockId":1422,"blockMeta":13,"blockName":"tile.blockTemple"},{"blockId":1422,"blockMeta":14,"blockName":"tile.blockTemple"},{"blockId":1422,"blockMeta":15,"blockName":"tile.blockTemple"},{"blockId":1423,"blockMeta":0,"blockName":"tile.blockTempleMossy"},{"blockId":1423,"blockMeta":1,"blockName":"tile.blockTempleMossy"},{"blockId":1423,"blockMeta":2,"blockName":"tile.blockTempleMossy"},{"blockId":1423,"blockMeta":3,"blockName":"tile.blockTempleMossy"},{"blockId":1423,"blockMeta":4,"blockName":"tile.blockTempleMossy"},{"blockId":1423,"blockMeta":5,"blockName":"tile.blockTempleMossy"},{"blockId":1423,"blockMeta":6,"blockName":"tile.blockTempleMossy"},{"blockId":1423,"blockMeta":7,"blockName":"tile.blockTempleMossy"},{"blockId":1423,"blockMeta":8,"blockName":"tile.blockTempleMossy"},{"blockId":1423,"blockMeta":9,"blockName":"tile.blockTempleMossy"},{"blockId":1423,"blockMeta":10,"blockName":"tile.blockTempleMossy"},{"blockId":1423,"blockMeta":11,"blockName":"tile.blockTempleMossy"},{"blockId":1423,"blockMeta":12,"blockName":"tile.blockTempleMossy"},{"blockId":1423,"blockMeta":13,"blockName":"tile.blockTempleMossy"},{"blockId":1423,"blockMeta":14,"blockName":"tile.blockTempleMossy"},{"blockId":1423,"blockMeta":15,"blockName":"tile.blockTempleMossy"},{"blockId":1424,"blockMeta":0,"blockName":"tile.blockTyrian"},{"blockId":1424,"blockMeta":1,"blockName":"tile.blockTyrian"},{"blockId":1424,"blockMeta":2,"blockName":"tile.blockTyrian"},{"blockId":1424,"blockMeta":3,"blockName":"tile.blockTyrian"},{"blockId":1424,"blockMeta":4,"blockName":"tile.blockTyrian"},{"blockId":1424,"blockMeta":5,"blockName":"tile.blockTyrian"},{"blockId":1424,"blockMeta":6,"blockName":"tile.blockTyrian"},{"blockId":1424,"blockMeta":7,"blockName":"tile.blockTyrian"},{"blockId":1424,"blockMeta":8,"blockName":"tile.blockTyrian"},{"blockId":1424,"blockMeta":9,"blockName":"tile.blockTyrian"},{"blockId":1424,"blockMeta":10,"blockName":"tile.blockTyrian"},{"blockId":1424,"blockMeta":11,"blockName":"tile.blockTyrian"},{"blockId":1424,"blockMeta":12,"blockName":"tile.blockTyrian"},{"blockId":1424,"blockMeta":13,"blockName":"tile.blockTyrian"},{"blockId":1424,"blockMeta":14,"blockName":"tile.blockTyrian"},{"blockId":1424,"blockMeta":15,"blockName":"tile.blockTyrian"},{"blockId":1425,"blockMeta":1,"blockName":"tile.wood-birch"},{"blockId":1425,"blockMeta":2,"blockName":"tile.wood-birch"},{"blockId":1425,"blockMeta":3,"blockName":"tile.wood-birch"},{"blockId":1425,"blockMeta":4,"blockName":"tile.wood-birch"},{"blockId":1425,"blockMeta":5,"blockName":"tile.wood-birch"},{"blockId":1425,"blockMeta":6,"blockName":"tile.wood-birch"},{"blockId":1425,"blockMeta":7,"blockName":"tile.wood-birch"},{"blockId":1425,"blockMeta":8,"blockName":"tile.wood-birch"},{"blockId":1425,"blockMeta":9,"blockName":"tile.wood-birch"},{"blockId":1425,"blockMeta":10,"blockName":"tile.wood-birch"},{"blockId":1425,"blockMeta":11,"blockName":"tile.wood-birch"},{"blockId":1425,"blockMeta":12,"blockName":"tile.wood-birch"},{"blockId":1425,"blockMeta":13,"blockName":"tile.wood-birch"},{"blockId":1425,"blockMeta":14,"blockName":"tile.wood-birch"},{"blockId":1425,"blockMeta":15,"blockName":"tile.wood-birch"},{"blockId":1426,"blockMeta":1,"blockName":"tile.wood-jungle"},{"blockId":1426,"blockMeta":2,"blockName":"tile.wood-jungle"},{"blockId":1426,"blockMeta":3,"blockName":"tile.wood-jungle"},{"blockId":1426,"blockMeta":4,"blockName":"tile.wood-jungle"},{"blockId":1426,"blockMeta":5,"blockName":"tile.wood-jungle"},{"blockId":1426,"blockMeta":6,"blockName":"tile.wood-jungle"},{"blockId":1426,"blockMeta":7,"blockName":"tile.wood-jungle"},{"blockId":1426,"blockMeta":8,"blockName":"tile.wood-jungle"},{"blockId":1426,"blockMeta":9,"blockName":"tile.wood-jungle"},{"blockId":1426,"blockMeta":10,"blockName":"tile.wood-jungle"},{"blockId":1426,"blockMeta":11,"blockName":"tile.wood-jungle"},{"blockId":1426,"blockMeta":12,"blockName":"tile.wood-jungle"},{"blockId":1426,"blockMeta":13,"blockName":"tile.wood-jungle"},{"blockId":1426,"blockMeta":14,"blockName":"tile.wood-jungle"},{"blockId":1426,"blockMeta":15,"blockName":"tile.wood-jungle"},{"blockId":1427,"blockMeta":1,"blockName":"tile.wood-oak"},{"blockId":1427,"blockMeta":2,"blockName":"tile.wood-oak"},{"blockId":1427,"blockMeta":3,"blockName":"tile.wood-oak"},{"blockId":1427,"blockMeta":4,"blockName":"tile.wood-oak"},{"blockId":1427,"blockMeta":5,"blockName":"tile.wood-oak"},{"blockId":1427,"blockMeta":6,"blockName":"tile.wood-oak"},{"blockId":1427,"blockMeta":7,"blockName":"tile.wood-oak"},{"blockId":1427,"blockMeta":8,"blockName":"tile.wood-oak"},{"blockId":1427,"blockMeta":9,"blockName":"tile.wood-oak"},{"blockId":1427,"blockMeta":10,"blockName":"tile.wood-oak"},{"blockId":1427,"blockMeta":11,"blockName":"tile.wood-oak"},{"blockId":1427,"blockMeta":12,"blockName":"tile.wood-oak"},{"blockId":1427,"blockMeta":13,"blockName":"tile.wood-oak"},{"blockId":1427,"blockMeta":14,"blockName":"tile.wood-oak"},{"blockId":1427,"blockMeta":15,"blockName":"tile.wood-oak"},{"blockId":1428,"blockMeta":1,"blockName":"tile.wood-spruce"},{"blockId":1428,"blockMeta":2,"blockName":"tile.wood-spruce"},{"blockId":1428,"blockMeta":3,"blockName":"tile.wood-spruce"},{"blockId":1428,"blockMeta":4,"blockName":"tile.wood-spruce"},{"blockId":1428,"blockMeta":5,"blockName":"tile.wood-spruce"},{"blockId":1428,"blockMeta":6,"blockName":"tile.wood-spruce"},{"blockId":1428,"blockMeta":7,"blockName":"tile.wood-spruce"},{"blockId":1428,"blockMeta":8,"blockName":"tile.wood-spruce"},{"blockId":1428,"blockMeta":9,"blockName":"tile.wood-spruce"},{"blockId":1428,"blockMeta":10,"blockName":"tile.wood-spruce"},{"blockId":1428,"blockMeta":11,"blockName":"tile.wood-spruce"},{"blockId":1428,"blockMeta":12,"blockName":"tile.wood-spruce"},{"blockId":1428,"blockMeta":13,"blockName":"tile.wood-spruce"},{"blockId":1428,"blockMeta":14,"blockName":"tile.wood-spruce"},{"blockId":1428,"blockMeta":15,"blockName":"tile.wood-spruce"},{"blockId":1522,"blockMeta":0,"blockName":"tile.CandyBlock"},{"blockId":1525,"blockMeta":0,"blockName":"tile.JuicerBurning"},{"blockId":1526,"blockMeta":0,"blockName":"tile.JuicerIdle"},{"blockId":1527,"blockMeta":0,"blockName":"tile.PartyBlock"},{"blockId":1529,"blockMeta":0,"blockName":"tile.RefrigeratorBurning"},{"blockId":1530,"blockMeta":0,"blockName":"tile.RefrigeratorIdle"},{"blockId":1532,"blockMeta":0,"blockName":"tile.SaltBlock"},{"blockId":1533,"blockMeta":0,"blockName":"tile.SaltOre"},{"blockId":1538,"blockMeta":0,"blockName":"tile.Worktop"},{"blockId":1541,"blockMeta":0,"blockName":"tile.CandyDoubleSlab"},{"blockId":1546,"blockMeta":0,"blockName":"tile.Court Master"},{"blockId":1547,"blockMeta":0,"blockName":"tile.Volleyball Court Post"},{"blockId":1552,"blockMeta":0,"blockName":"tile.bambooBundle"},{"blockId":1555,"blockMeta":0,"blockName":"tile.buildingBlock"},{"blockId":1555,"blockMeta":1,"blockName":"tile.buildingBlock"},{"blockId":1555,"blockMeta":2,"blockName":"tile.buildingBlock"},{"blockId":1555,"blockMeta":3,"blockName":"tile.buildingBlock"},{"blockId":1555,"blockMeta":4,"blockName":"tile.buildingBlock"},{"blockId":1555,"blockMeta":5,"blockName":"tile.buildingBlock"},{"blockId":1556,"blockMeta":0,"blockName":"tile.chunkOHead"},{"blockId":1574,"blockMeta":0,"blockName":"tile.purifiedSand"},{"blockId":1601,"blockMeta":0,"blockName":"tile.weathermod:TornadoSensor"},{"blockId":1602,"blockMeta":0,"blockName":"tile.weathermod:TornadoSiren"},{"blockId":1612,"blockMeta":0,"blockName":"tile.bop.amethystOre"},{"blockId":1612,"blockMeta":1,"blockName":"tile.bop.amethystOre"},{"blockId":1612,"blockMeta":2,"blockName":"tile.bop.amethystOre"},{"blockId":1612,"blockMeta":3,"blockName":"tile.bop.amethystOre"},{"blockId":1612,"blockMeta":4,"blockName":"tile.bop.amethystOre"},{"blockId":1612,"blockMeta":5,"blockName":"tile.bop.amethystOre"},{"blockId":1612,"blockMeta":6,"blockName":"tile.bop.amethystOre"},{"blockId":1612,"blockMeta":7,"blockName":"tile.bop.amethystOre"},{"blockId":1612,"blockMeta":8,"blockName":"tile.bop.amethystOre"},{"blockId":1612,"blockMeta":9,"blockName":"tile.bop.amethystOre"},{"blockId":1612,"blockMeta":10,"blockName":"tile.bop.amethystOre"},{"blockId":1612,"blockMeta":11,"blockName":"tile.bop.amethystOre"},{"blockId":1612,"blockMeta":12,"blockName":"tile.bop.amethystOre"},{"blockId":1612,"blockMeta":13,"blockName":"tile.bop.amethystOre"},{"blockId":1617,"blockMeta":0,"blockName":"tile.bop.leavesColorized1"},{"blockId":1617,"blockMeta":1,"blockName":"tile.bop.leavesColorized1"},{"blockId":1617,"blockMeta":2,"blockName":"tile.bop.leavesColorized1"},{"blockId":1617,"blockMeta":3,"blockName":"tile.bop.leavesColorized1"},{"blockId":1618,"blockMeta":0,"blockName":"tile.bop.leavesColorized2"},{"blockId":1618,"blockMeta":1,"blockName":"tile.bop.leavesColorized2"},{"blockId":1623,"blockMeta":0,"blockName":"tile.bop.generic.crystal"},{"blockId":1629,"blockMeta":0,"blockName":"tile.bop.leavesFruit2"},{"blockId":1630,"blockMeta":0,"blockName":"tile.bop.leavesFruit"},{"blockId":1633,"blockMeta":0,"blockName":"tile.bop.hive"},{"blockId":1633,"blockMeta":1,"blockName":"tile.bop.hive"},{"blockId":1633,"blockMeta":2,"blockName":"tile.bop.hive"},{"blockId":1633,"blockMeta":3,"blockName":"tile.bop.hive"},{"blockId":1638,"blockMeta":0,"blockName":"tile.bop.leaves1"},{"blockId":1638,"blockMeta":1,"blockName":"tile.bop.leaves1"},{"blockId":1638,"blockMeta":2,"blockName":"tile.bop.leaves1"},{"blockId":1638,"blockMeta":3,"blockName":"tile.bop.leaves1"},{"blockId":1639,"blockMeta":0,"blockName":"tile.bop.leaves2"},{"blockId":1639,"blockMeta":1,"blockName":"tile.bop.leaves2"},{"blockId":1639,"blockMeta":2,"blockName":"tile.bop.leaves2"},{"blockId":1639,"blockMeta":3,"blockName":"tile.bop.leaves2"},{"blockId":1640,"blockMeta":0,"blockName":"tile.bop.leaves3"},{"blockId":1640,"blockMeta":1,"blockName":"tile.bop.leaves3"},{"blockId":1640,"blockMeta":2,"blockName":"tile.bop.leaves3"},{"blockId":1640,"blockMeta":3,"blockName":"tile.bop.leaves3"},{"blockId":1641,"blockMeta":0,"blockName":"tile.bop.leaves4"},{"blockId":1641,"blockMeta":1,"blockName":"tile.bop.leaves4"},{"blockId":1642,"blockMeta":0,"blockName":"tile.bop.wood1"},{"blockId":1642,"blockMeta":1,"blockName":"tile.bop.wood1"},{"blockId":1642,"blockMeta":2,"blockName":"tile.bop.wood1"},{"blockId":1642,"blockMeta":3,"blockName":"tile.bop.wood1"},{"blockId":1643,"blockMeta":0,"blockName":"tile.bop.wood2"},{"blockId":1643,"blockMeta":1,"blockName":"tile.bop.wood2"},{"blockId":1643,"blockMeta":2,"blockName":"tile.bop.wood2"},{"blockId":1643,"blockMeta":3,"blockName":"tile.bop.wood2"},{"blockId":1644,"blockMeta":0,"blockName":"tile.bop.wood3"},{"blockId":1644,"blockMeta":1,"blockName":"tile.bop.wood3"},{"blockId":1644,"blockMeta":2,"blockName":"tile.bop.wood3"},{"blockId":1644,"blockMeta":3,"blockName":"tile.bop.wood3"},{"blockId":1645,"blockMeta":0,"blockName":"tile.bop.wood4"},{"blockId":1645,"blockMeta":1,"blockName":"tile.bop.wood4"},{"blockId":1645,"blockMeta":2,"blockName":"tile.bop.wood4"},{"blockId":1650,"blockMeta":0,"blockName":"tile.bop.generic.mud_brick"},{"blockId":1655,"blockMeta":0,"blockName":"tile.bop.planks"},{"blockId":1655,"blockMeta":1,"blockName":"tile.bop.planks"},{"blockId":1655,"blockMeta":2,"blockName":"tile.bop.planks"},{"blockId":1655,"blockMeta":3,"blockName":"tile.bop.planks"},{"blockId":1655,"blockMeta":4,"blockName":"tile.bop.planks"},{"blockId":1655,"blockMeta":5,"blockName":"tile.bop.planks"},{"blockId":1655,"blockMeta":6,"blockName":"tile.bop.planks"},{"blockId":1655,"blockMeta":7,"blockName":"tile.bop.planks"},{"blockId":1655,"blockMeta":8,"blockName":"tile.bop.planks"},{"blockId":1655,"blockMeta":9,"blockName":"tile.bop.planks"},{"blockId":1655,"blockMeta":10,"blockName":"tile.bop.planks"},{"blockId":1655,"blockMeta":11,"blockName":"tile.bop.planks"},{"blockId":1655,"blockMeta":12,"blockName":"tile.bop.planks"},{"blockId":1655,"blockMeta":13,"blockName":"tile.bop.planks"},{"blockId":1665,"blockMeta":0,"blockName":"tile.bop.stoneDoubleSlab"},{"blockId":1665,"blockMeta":1,"blockName":"tile.bop.stoneDoubleSlab"},{"blockId":1665,"blockMeta":2,"blockName":"tile.bop.stoneDoubleSlab"},{"blockId":1665,"blockMeta":3,"blockName":"tile.bop.stoneDoubleSlab"},{"blockId":1665,"blockMeta":4,"blockName":"tile.bop.stoneDoubleSlab"},{"blockId":1671,"blockMeta":0,"blockName":"tile.bop.woodenDoubleSlab1"},{"blockId":1671,"blockMeta":1,"blockName":"tile.bop.woodenDoubleSlab1"},{"blockId":1671,"blockMeta":2,"blockName":"tile.bop.woodenDoubleSlab1"},{"blockId":1671,"blockMeta":3,"blockName":"tile.bop.woodenDoubleSlab1"},{"blockId":1671,"blockMeta":4,"blockName":"tile.bop.woodenDoubleSlab1"},{"blockId":1671,"blockMeta":5,"blockName":"tile.bop.woodenDoubleSlab1"},{"blockId":1671,"blockMeta":6,"blockName":"tile.bop.woodenDoubleSlab1"},{"blockId":1671,"blockMeta":7,"blockName":"tile.bop.woodenDoubleSlab1"},{"blockId":1672,"blockMeta":0,"blockName":"tile.bop.woodenDoubleSlab2"},{"blockId":1672,"blockMeta":1,"blockName":"tile.bop.woodenDoubleSlab2"},{"blockId":1672,"blockMeta":2,"blockName":"tile.bop.woodenDoubleSlab2"},{"blockId":1672,"blockMeta":3,"blockName":"tile.bop.woodenDoubleSlab2"},{"blockId":1672,"blockMeta":4,"blockName":"tile.bop.woodenDoubleSlab2"},{"blockId":1675,"blockMeta":0,"blockName":"tile.bop.overgrownNetherrack"},{"blockId":1712,"blockMeta":0,"blockName":"tile.altar"},{"blockId":1926,"blockMeta":0,"blockName":"tile.projectred.exploration.dyeleaf"},{"blockId":1926,"blockMeta":1,"blockName":"tile.projectred.exploration.dyeleaf"},{"blockId":1926,"blockMeta":2,"blockName":"tile.projectred.exploration.dyeleaf"},{"blockId":1926,"blockMeta":3,"blockName":"tile.projectred.exploration.dyeleaf"},{"blockId":1926,"blockMeta":4,"blockName":"tile.projectred.exploration.dyeleaf"},{"blockId":1926,"blockMeta":5,"blockName":"tile.projectred.exploration.dyeleaf"},{"blockId":1926,"blockMeta":6,"blockName":"tile.projectred.exploration.dyeleaf"},{"blockId":1926,"blockMeta":7,"blockName":"tile.projectred.exploration.dyeleaf"},{"blockId":1926,"blockMeta":8,"blockName":"tile.projectred.exploration.dyeleaf"},{"blockId":1926,"blockMeta":9,"blockName":"tile.projectred.exploration.dyeleaf"},{"blockId":1926,"blockMeta":10,"blockName":"tile.projectred.exploration.dyeleaf"},{"blockId":1926,"blockMeta":11,"blockName":"tile.projectred.exploration.dyeleaf"},{"blockId":1926,"blockMeta":12,"blockName":"tile.projectred.exploration.dyeleaf"},{"blockId":1926,"blockMeta":13,"blockName":"tile.projectred.exploration.dyeleaf"},{"blockId":1926,"blockMeta":14,"blockName":"tile.projectred.exploration.dyeleaf"},{"blockId":1926,"blockMeta":15,"blockName":"tile.projectred.exploration.dyeleaf"},{"blockId":1928,"blockMeta":0,"blockName":"tile.projectred.illumination.lamp"},{"blockId":1928,"blockMeta":1,"blockName":"tile.projectred.illumination.lamp"},{"blockId":1928,"blockMeta":2,"blockName":"tile.projectred.illumination.lamp"},{"blockId":1928,"blockMeta":3,"blockName":"tile.projectred.illumination.lamp"},{"blockId":1928,"blockMeta":4,"blockName":"tile.projectred.illumination.lamp"},{"blockId":1928,"blockMeta":5,"blockName":"tile.projectred.illumination.lamp"},{"blockId":1928,"blockMeta":6,"blockName":"tile.projectred.illumination.lamp"},{"blockId":1928,"blockMeta":7,"blockName":"tile.projectred.illumination.lamp"},{"blockId":1928,"blockMeta":8,"blockName":"tile.projectred.illumination.lamp"},{"blockId":1928,"blockMeta":9,"blockName":"tile.projectred.illumination.lamp"},{"blockId":1928,"blockMeta":10,"blockName":"tile.projectred.illumination.lamp"},{"blockId":1928,"blockMeta":11,"blockName":"tile.projectred.illumination.lamp"},{"blockId":1928,"blockMeta":12,"blockName":"tile.projectred.illumination.lamp"},{"blockId":1928,"blockMeta":13,"blockName":"tile.projectred.illumination.lamp"},{"blockId":1928,"blockMeta":14,"blockName":"tile.projectred.illumination.lamp"},{"blockId":1928,"blockMeta":15,"blockName":"tile.projectred.illumination.lamp"},{"blockId":1928,"blockMeta":16,"blockName":"tile.projectred.illumination.lamp"},{"blockId":1928,"blockMeta":17,"blockName":"tile.projectred.illumination.lamp"},{"blockId":1928,"blockMeta":18,"blockName":"tile.projectred.illumination.lamp"},{"blockId":1928,"blockMeta":19,"blockName":"tile.projectred.illumination.lamp"},{"blockId":1928,"blockMeta":20,"blockName":"tile.projectred.illumination.lamp"},{"blockId":1928,"blockMeta":21,"blockName":"tile.projectred.illumination.lamp"},{"blockId":1928,"blockMeta":22,"blockName":"tile.projectred.illumination.lamp"},{"blockId":1928,"blockMeta":23,"blockName":"tile.projectred.illumination.lamp"},{"blockId":1928,"blockMeta":24,"blockName":"tile.projectred.illumination.lamp"},{"blockId":1928,"blockMeta":25,"blockName":"tile.projectred.illumination.lamp"},{"blockId":1928,"blockMeta":26,"blockName":"tile.projectred.illumination.lamp"},{"blockId":1928,"blockMeta":27,"blockName":"tile.projectred.illumination.lamp"},{"blockId":1928,"blockMeta":28,"blockName":"tile.projectred.illumination.lamp"},{"blockId":1928,"blockMeta":29,"blockName":"tile.projectred.illumination.lamp"},{"blockId":1928,"blockMeta":30,"blockName":"tile.projectred.illumination.lamp"},{"blockId":1928,"blockMeta":31,"blockName":"tile.projectred.illumination.lamp"},{"blockId":1930,"blockMeta":0,"blockName":"tile.projectred.exploration.ore"},{"blockId":1930,"blockMeta":1,"blockName":"tile.projectred.exploration.ore"},{"blockId":1930,"blockMeta":2,"blockName":"tile.projectred.exploration.ore"},{"blockId":1934,"blockMeta":0,"blockName":"tile.projectred.exploration.stone"},{"blockId":1934,"blockMeta":1,"blockName":"tile.projectred.exploration.stone"},{"blockId":1934,"blockMeta":2,"blockName":"tile.projectred.exploration.stone"},{"blockId":1934,"blockMeta":3,"blockName":"tile.projectred.exploration.stone"},{"blockId":1934,"blockMeta":4,"blockName":"tile.projectred.exploration.stone"},{"blockId":1934,"blockMeta":5,"blockName":"tile.projectred.exploration.stone"},{"blockId":1934,"blockMeta":6,"blockName":"tile.projectred.exploration.stone"},{"blockId":1934,"blockMeta":7,"blockName":"tile.projectred.exploration.stone"},{"blockId":1952,"blockMeta":0,"blockName":"tile.thermalexpansion.device"},{"blockId":1952,"blockMeta":2,"blockName":"tile.thermalexpansion.device"},{"blockId":1952,"blockMeta":3,"blockName":"tile.thermalexpansion.device"},{"blockId":1952,"blockMeta":4,"blockName":"tile.thermalexpansion.device"},{"blockId":1965,"blockMeta":0,"blockName":"tile.thermalexpansion.machine"},{"blockId":1965,"blockMeta":1,"blockName":"tile.thermalexpansion.machine"},{"blockId":1965,"blockMeta":2,"blockName":"tile.thermalexpansion.machine"},{"blockId":1965,"blockMeta":3,"blockName":"tile.thermalexpansion.machine"},{"blockId":1965,"blockMeta":4,"blockName":"tile.thermalexpansion.machine"},{"blockId":1965,"blockMeta":5,"blockName":"tile.thermalexpansion.machine"},{"blockId":1965,"blockMeta":6,"blockName":"tile.thermalexpansion.machine"},{"blockId":1965,"blockMeta":7,"blockName":"tile.thermalexpansion.machine"},{"blockId":1965,"blockMeta":8,"blockName":"tile.thermalexpansion.machine"},{"blockId":1965,"blockMeta":9,"blockName":"tile.thermalexpansion.machine"},{"blockId":1965,"blockMeta":10,"blockName":"tile.thermalexpansion.machine"},{"blockId":1966,"blockMeta":0,"blockName":"tile.thermalexpansion.ore"},{"blockId":1966,"blockMeta":1,"blockName":"tile.thermalexpansion.ore"},{"blockId":1966,"blockMeta":2,"blockName":"tile.thermalexpansion.ore"},{"blockId":1966,"blockMeta":3,"blockName":"tile.thermalexpansion.ore"},{"blockId":1966,"blockMeta":4,"blockName":"tile.thermalexpansion.ore"},{"blockId":1968,"blockMeta":0,"blockName":"tile.thermalexpansion.rockwool"},{"blockId":1968,"blockMeta":1,"blockName":"tile.thermalexpansion.rockwool"},{"blockId":1968,"blockMeta":2,"blockName":"tile.thermalexpansion.rockwool"},{"blockId":1968,"blockMeta":3,"blockName":"tile.thermalexpansion.rockwool"},{"blockId":1968,"blockMeta":4,"blockName":"tile.thermalexpansion.rockwool"},{"blockId":1968,"blockMeta":5,"blockName":"tile.thermalexpansion.rockwool"},{"blockId":1968,"blockMeta":6,"blockName":"tile.thermalexpansion.rockwool"},{"blockId":1968,"blockMeta":7,"blockName":"tile.thermalexpansion.rockwool"},{"blockId":1968,"blockMeta":8,"blockName":"tile.thermalexpansion.rockwool"},{"blockId":1968,"blockMeta":9,"blockName":"tile.thermalexpansion.rockwool"},{"blockId":1968,"blockMeta":10,"blockName":"tile.thermalexpansion.rockwool"},{"blockId":1968,"blockMeta":11,"blockName":"tile.thermalexpansion.rockwool"},{"blockId":1968,"blockMeta":12,"blockName":"tile.thermalexpansion.rockwool"},{"blockId":1968,"blockMeta":13,"blockName":"tile.thermalexpansion.rockwool"},{"blockId":1968,"blockMeta":14,"blockName":"tile.thermalexpansion.rockwool"},{"blockId":1968,"blockMeta":15,"blockName":"tile.thermalexpansion.rockwool"},{"blockId":1969,"blockMeta":0,"blockName":"tile.thermalexpansion.storage"},{"blockId":1969,"blockMeta":1,"blockName":"tile.thermalexpansion.storage"},{"blockId":1969,"blockMeta":2,"blockName":"tile.thermalexpansion.storage"},{"blockId":1969,"blockMeta":3,"blockName":"tile.thermalexpansion.storage"},{"blockId":1969,"blockMeta":4,"blockName":"tile.thermalexpansion.storage"},{"blockId":1969,"blockMeta":5,"blockName":"tile.thermalexpansion.storage"},{"blockId":1969,"blockMeta":6,"blockName":"tile.thermalexpansion.storage"},{"blockId":1969,"blockMeta":7,"blockName":"tile.thermalexpansion.storage"},{"blockId":1969,"blockMeta":8,"blockName":"tile.thermalexpansion.storage"},{"blockId":1969,"blockMeta":10,"blockName":"tile.thermalexpansion.storage"},{"blockId":2004,"blockMeta":0,"blockName":"tile.orequantum"},{"blockId":2005,"blockMeta":0,"blockName":"tile.orequantum"},{"blockId":2033,"blockMeta":0,"blockName":"tile.slime.gel"},{"blockId":2033,"blockMeta":1,"blockName":"tile.slime.gel"},{"blockId":2039,"blockMeta":0,"blockName":"tile.GlueBlock"},{"blockId":2047,"blockMeta":0,"blockName":"tile.tconstruct.meatblock"},{"blockId":2048,"blockMeta":0,"blockName":"tile.tconstruct.metalblock"},{"blockId":2048,"blockMeta":1,"blockName":"tile.tconstruct.metalblock"},{"blockId":2048,"blockMeta":2,"blockName":"tile.tconstruct.metalblock"},{"blockId":2048,"blockMeta":3,"blockName":"tile.tconstruct.metalblock"},{"blockId":2048,"blockMeta":4,"blockName":"tile.tconstruct.metalblock"},{"blockId":2048,"blockMeta":5,"blockName":"tile.tconstruct.metalblock"},{"blockId":2048,"blockMeta":6,"blockName":"tile.tconstruct.metalblock"},{"blockId":2048,"blockMeta":7,"blockName":"tile.tconstruct.metalblock"},{"blockId":2048,"blockMeta":8,"blockName":"tile.tconstruct.metalblock"},{"blockId":2048,"blockMeta":9,"blockName":"tile.tconstruct.metalblock"},{"blockId":2048,"blockMeta":10,"blockName":"tile.tconstruct.metalblock"},{"blockId":2072,"blockMeta":0,"blockName":"tile.Decoration.Brick"},{"blockId":2072,"blockMeta":1,"blockName":"tile.Decoration.Brick"},{"blockId":2072,"blockMeta":2,"blockName":"tile.Decoration.Brick"},{"blockId":2072,"blockMeta":3,"blockName":"tile.Decoration.Brick"},{"blockId":2072,"blockMeta":4,"blockName":"tile.Decoration.Brick"},{"blockId":2072,"blockMeta":5,"blockName":"tile.Decoration.Brick"},{"blockId":2072,"blockMeta":6,"blockName":"tile.Decoration.Brick"},{"blockId":2072,"blockMeta":7,"blockName":"tile.Decoration.Brick"},{"blockId":2072,"blockMeta":8,"blockName":"tile.Decoration.Brick"},{"blockId":2072,"blockMeta":9,"blockName":"tile.Decoration.Brick"},{"blockId":2072,"blockMeta":10,"blockName":"tile.Decoration.Brick"},{"blockId":2072,"blockMeta":11,"blockName":"tile.Decoration.Brick"},{"blockId":2072,"blockMeta":12,"blockName":"tile.Decoration.Brick"},{"blockId":2072,"blockMeta":13,"blockName":"tile.Decoration.Brick"},{"blockId":2073,"blockMeta":0,"blockName":"tile.Decoration.BrickFancy"},{"blockId":2073,"blockMeta":1,"blockName":"tile.Decoration.BrickFancy"},{"blockId":2073,"blockMeta":2,"blockName":"tile.Decoration.BrickFancy"},{"blockId":2073,"blockMeta":3,"blockName":"tile.Decoration.BrickFancy"},{"blockId":2073,"blockMeta":4,"blockName":"tile.Decoration.BrickFancy"},{"blockId":2073,"blockMeta":5,"blockName":"tile.Decoration.BrickFancy"},{"blockId":2073,"blockMeta":6,"blockName":"tile.Decoration.BrickFancy"},{"blockId":2073,"blockMeta":7,"blockName":"tile.Decoration.BrickFancy"},{"blockId":2073,"blockMeta":8,"blockName":"tile.Decoration.BrickFancy"},{"blockId":2073,"blockMeta":9,"blockName":"tile.Decoration.BrickFancy"},{"blockId":2073,"blockMeta":10,"blockName":"tile.Decoration.BrickFancy"},{"blockId":2073,"blockMeta":11,"blockName":"tile.Decoration.BrickFancy"},{"blockId":2073,"blockMeta":12,"blockName":"tile.Decoration.BrickFancy"},{"blockId":2073,"blockMeta":13,"blockName":"tile.Decoration.BrickFancy"},{"blockId":2073,"blockMeta":14,"blockName":"tile.Decoration.BrickFancy"},{"blockId":2073,"blockMeta":15,"blockName":"tile.Decoration.BrickFancy"},{"blockId":2076,"blockMeta":0,"blockName":"tile.Smeltery"},{"blockId":2076,"blockMeta":1,"blockName":"tile.Smeltery"},{"blockId":2076,"blockMeta":2,"blockName":"tile.Smeltery"},{"blockId":2076,"blockMeta":4,"blockName":"tile.Smeltery"},{"blockId":2076,"blockMeta":5,"blockName":"tile.Smeltery"},{"blockId":2076,"blockMeta":6,"blockName":"tile.Smeltery"},{"blockId":2076,"blockMeta":7,"blockName":"tile.Smeltery"},{"blockId":2076,"blockMeta":8,"blockName":"tile.Smeltery"},{"blockId":2076,"blockMeta":9,"blockName":"tile.Smeltery"},{"blockId":2076,"blockMeta":10,"blockName":"tile.Smeltery"},{"blockId":2076,"blockMeta":11,"blockName":"tile.Smeltery"},{"blockId":2080,"blockMeta":0,"blockName":"tile.tconstruct.gravelore"},{"blockId":2080,"blockMeta":1,"blockName":"tile.tconstruct.gravelore"},{"blockId":2080,"blockMeta":2,"blockName":"tile.tconstruct.gravelore"},{"blockId":2080,"blockMeta":3,"blockName":"tile.tconstruct.gravelore"},{"blockId":2080,"blockMeta":4,"blockName":"tile.tconstruct.gravelore"},{"blockId":2080,"blockMeta":5,"blockName":"tile.tconstruct.gravelore"},{"blockId":2081,"blockMeta":1,"blockName":"tile.tconstruct.stoneore"},{"blockId":2081,"blockMeta":2,"blockName":"tile.tconstruct.stoneore"},{"blockId":2081,"blockMeta":3,"blockName":"tile.tconstruct.stoneore"},{"blockId":2081,"blockMeta":4,"blockName":"tile.tconstruct.stoneore"},{"blockId":2081,"blockMeta":5,"blockName":"tile.tconstruct.stoneore"},{"blockId":2083,"blockMeta":0,"blockName":"tile.explosive.slime"},{"blockId":2083,"blockMeta":2,"blockName":"tile.explosive.slime"},{"blockId":2087,"blockMeta":0,"blockName":"tile.slime.grass"},{"blockId":2088,"blockMeta":0,"blockName":"tile.slime.leaves"},{"blockId":2092,"blockMeta":0,"blockName":"tile.Smeltery"},{"blockId":2092,"blockMeta":1,"blockName":"tile.Smeltery"},{"blockId":2092,"blockMeta":2,"blockName":"tile.Smeltery"},{"blockId":2092,"blockMeta":4,"blockName":"tile.Smeltery"},{"blockId":2092,"blockMeta":5,"blockName":"tile.Smeltery"},{"blockId":2092,"blockMeta":6,"blockName":"tile.Smeltery"},{"blockId":2092,"blockMeta":7,"blockName":"tile.Smeltery"},{"blockId":2092,"blockMeta":8,"blockName":"tile.Smeltery"},{"blockId":2092,"blockMeta":9,"blockName":"tile.Smeltery"},{"blockId":2092,"blockMeta":10,"blockName":"tile.Smeltery"},{"blockId":2092,"blockMeta":11,"blockName":"tile.Smeltery"},{"blockId":2093,"blockMeta":0,"blockName":"tile.TConstruct.Soil"},{"blockId":2093,"blockMeta":1,"blockName":"tile.TConstruct.Soil"},{"blockId":2093,"blockMeta":2,"blockName":"tile.TConstruct.Soil"},{"blockId":2093,"blockMeta":3,"blockName":"tile.TConstruct.Soil"},{"blockId":2093,"blockMeta":4,"blockName":"tile.TConstruct.Soil"},{"blockId":2093,"blockMeta":5,"blockName":"tile.TConstruct.Soil"},{"blockId":2093,"blockMeta":6,"blockName":"tile.TConstruct.Soil"},{"blockId":2094,"blockMeta":0,"blockName":"tile.SpeedBlock"},{"blockId":2094,"blockMeta":1,"blockName":"tile.SpeedBlock"},{"blockId":2094,"blockMeta":2,"blockName":"tile.SpeedBlock"},{"blockId":2094,"blockMeta":3,"blockName":"tile.SpeedBlock"},{"blockId":2094,"blockMeta":4,"blockName":"tile.SpeedBlock"},{"blockId":2094,"blockMeta":5,"blockName":"tile.SpeedBlock"},{"blockId":2094,"blockMeta":6,"blockName":"tile.SpeedBlock"},{"blockId":2180,"blockMeta":0,"blockName":"tile.openblocks.blockbreaker"},{"blockId":2181,"blockMeta":0,"blockName":"tile.openblocks.blockPlacer"},{"blockId":2184,"blockMeta":0,"blockName":"tile.openblocks.canvas"},{"blockId":2186,"blockMeta":0,"blockName":"tile.openblocks.drawingtable"},{"blockId":2187,"blockMeta":0,"blockName":"tile.openblocks.elevator"},{"blockId":2191,"blockMeta":0,"blockName":"tile.openblocks.guide"},{"blockId":2192,"blockMeta":0,"blockName":"tile.openblocks.heal"},{"blockId":2194,"blockMeta":0,"blockName":"tile.openblocks.itemDropper"},{"blockId":2202,"blockMeta":0,"blockName":"tile.openblocks.sponge"},{"blockId":2209,"blockMeta":0,"blockName":"tile.openblocks.xpbottler"},{"blockId":2212,"blockMeta":0,"blockName":"tile.openblocks.sky"},{"blockId":2256,"blockMeta":0,"blockName":"tile.ForgeFiller"},{"blockId":2257,"blockMeta":0,"blockName":"tile.ForgeFiller"},{"blockId":2258,"blockMeta":0,"blockName":"tile.ForgeFiller"},{"blockId":2259,"blockMeta":0,"blockName":"tile.ForgeFiller"},{"blockId":2260,"blockMeta":0,"blockName":"tile.ForgeFiller"},{"blockId":2261,"blockMeta":0,"blockName":"tile.ForgeFiller"},{"blockId":2262,"blockMeta":0,"blockName":"tile.ForgeFiller"},{"blockId":2263,"blockMeta":0,"blockName":"tile.ForgeFiller"},{"blockId":2264,"blockMeta":0,"blockName":"tile.ForgeFiller"},{"blockId":2265,"blockMeta":0,"blockName":"tile.ForgeFiller"},{"blockId":2266,"blockMeta":0,"blockName":"tile.ForgeFiller"},{"blockId":2267,"blockMeta":0,"blockName":"tile.ForgeFiller"},{"blockId":2276,"blockMeta":0,"blockName":"tile.IcedStone"},{"blockId":2276,"blockMeta":1,"blockName":"tile.IcedStone"},{"blockId":2278,"blockMeta":0,"blockName":"tile.drum"},{"blockId":2279,"blockMeta":0,"blockName":"tile.Feeder"},{"blockId":2280,"blockMeta":0,"blockName":"tile.Feeder"},{"blockId":2281,"blockMeta":0,"blockName":"tile.fossil"},{"blockId":2282,"blockMeta":0,"blockName":"tile.Skull"},{"blockId":2283,"blockMeta":0,"blockName":"tile.SkullLantern"},{"blockId":2284,"blockMeta":0,"blockName":"tile.analyzerActive"},{"blockId":2285,"blockMeta":0,"blockName":"tile.analyzerIdle"},{"blockId":2286,"blockMeta":0,"blockName":"tile.cultivateActive"},{"blockId":2287,"blockMeta":0,"blockName":"tile.cultivateIdle"},{"blockId":2290,"blockMeta":0,"blockName":"tile.worktableActive"},{"blockId":2291,"blockMeta":0,"blockName":"tile.worktableIdle"},{"blockId":2304,"blockMeta":0,"blockName":"tile.tmechworks.redstoneMachine"},{"blockId":2304,"blockMeta":1,"blockName":"tile.tmechworks.redstoneMachine"},{"blockId":2304,"blockMeta":2,"blockName":"tile.tmechworks.redstoneMachine"},{"blockId":2304,"blockMeta":3,"blockName":"tile.tmechworks.redstoneMachine"},{"blockId":2356,"blockMeta":0,"blockName":"tile.betterstorage.crate"},{"blockId":2358,"blockMeta":0,"blockName":"tile.betterstorage.flintBlock"},{"blockId":2555,"blockMeta":0,"blockName":"tile.betterstorage.craftingStation"}]}