{
   "key.attack": {
      "keyCode": -100
   },
   "key.use": {
      "keyCode": -99
   },
   "key.forward": {
      "keyCode": 17
   },
   "key.left": {
      "keyCode": 30
   },
   "key.back": {
      "keyCode": 31
   },
   "key.right": {
      "keyCode": 32
   },
   "key.jump": {
      "keyCode": 57
   },
   "key.sneak": {
      "keyCode": 42
   },
   "key.drop": {
      "keyCode": 16
   },
   "key.inventory": {
      "keyCode": 18
   },
   "key.chat": {
      "keyCode": 20
   },
   "key.playerlist": {
      "keyCode": 15
   },
   "key.pickItem": {
      "keyCode": -98
   },
   "key.command": {
      "keyCode": 53
   },
   "key.screenshot": {
      "keyCode": 60
   },
   "key.togglePerspective": {
      "keyCode": 63
   },
   "key.smoothCamera": {
      "keyCode": 0
   },
   "key.sprint": {
      "keyCode": 29
   },
   "key.streamStartStop": {
      "keyCode": 64
   },
   "key.streamPauseUnpause": {
      "keyCode": 65
   },
   "key.streamCommercial": {
      "keyCode": 0
   },
   "key.streamToggleMic": {
      "keyCode": 0
   },
   "key.fullscreen": {
      "keyCode": 87
   },
   "key.hotbar.1": {
      "keyCode": 2
   },
   "key.hotbar.2": {
      "keyCode": 3
   },
   "key.hotbar.3": {
      "keyCode": 4
   },
   "key.hotbar.4": {
      "keyCode": 5
   },
   "key.hotbar.5": {
      "keyCode": 6
   },
   "key.hotbar.6": {
      "keyCode": 7
   },
   "key.hotbar.7": {
      "keyCode": 8
   },
   "key.hotbar.8": {
      "keyCode": 9
   },
   "key.hotbar.9": {
      "keyCode": 10
   },
   "Draw Weapons": {
      "keyCode": 19
   },
   "Special": {
      "keyCode": 44
   },
   "key.personalBackpack": {
      "keyCode": 48
   },
   "key.party": {
      "keyCode": 33
   },
   "key.next": {
      "keyCode": 0
   },
   "key.prev": {
      "keyCode": 0
   },
   "Cosmetic Inventory": {
      "keyCode": 12
   },
   "Quest Log": {
      "keyCode": 38
   },
   "key.openCompendium": {
      "keyCode": 25
   },
   "CharacterScreen": {
      "keyCode": 88
   },
   "MPM 1": {
      "keyCode": 0
   },
   "MPM 2": {
      "keyCode": 45
   },
   "MPM 3": {
      "keyCode": 0
   },
   "MPM 4": {
      "keyCode": 47
   },
   "MPM 5": {
      "keyCode": 0
   },
   "Swap Arrows Forward": {
      "keyCode": 27
   },
   "Swap Arrows Backward": {
      "keyCode": 26
   },
   "Toggle Ropes+ Arrows": {
      "keyCode": 40
   },
   "key.portaitreposition": {
      "keyCode": 52
   },
   "Baubles Inventory": {
      "keyCode": 13
   },
   "Change Wand Focus": {
      "keyCode": 39
   },
   "Activate Hover Harness": {
      "keyCode": 35
   },
   "Misc Wand Toggle": {
      "keyCode": 50
   },
   "waila.keybind.wailaconfig": {
      "keyCode": 0
   },
   "waila.keybind.wailadisplay": {
      "keyCode": 0
   },
   "waila.keybind.liquid": {
      "keyCode": 0
   },
   "waila.keybind.recipe": {
      "keyCode": 0
   },
   "waila.keybind.usage": {
      "keyCode": 0
   },
   "Automagy.key.focusCrafting": {
      "keyCode": 46
   },
   "key.betterstorage.backpackOpen": {
      "keyCode": 0
   },
   "key.betterstorage.drinkingHelmet": {
      "keyCode": 184
   },
   "key.tarmor": {
      "keyCode": 24,
      "shift": false,
      "control": false,
      "alt": false
   },
   "key.tgoggles": {
      "keyCode": 34,
      "shift": false,
      "control": false,
      "alt": false
   },
   "key.tbelt": {
      "keyCode": 22,
      "shift": false,
      "control": false,
      "alt": false
   },
   "key.tzoom": {
      "keyCode": 23,
      "shift": false,
      "control": false,
      "alt": false
   },
   "Activate Hexxit Gear Armor": {
      "keyCode": 0
   },
   "invtweaks.key.sort": {
      "keyCode": 0
   },
   "key.openRadial": {
      "keyCode": 37
   },
   "TG.keybind.openInv": {
      "keyCode": 71
   },
   "TG.keybind.activeaAbilities": {
      "keyCode": 49
   },
   "key.control": {
      "keyCode": 0
   },
   "key.cofh.empower": {
      "keyCode": 0
   },
   "key.cofh.multimode": {
      "keyCode": 0
   },
   "key.fly.up": {
      "keyCode": 72
   },
   "key.fly.down": {
      "keyCode": 80
   },
   "key.openchest": {
      "keyCode": 19
   },
   "key.fire": {
      "keyCode": 76
   },
   "key.minimap.voxelmapmenu": {
      "keyCode": 199
   },
   "key.minimap.waypointmenu": {
      "keyCode": 0
   },
   "key.minimap.zoom": {
      "keyCode": 209
   },
   "key.minimap.togglefullscreen": {
      "keyCode": 201
   },
   "key.minimap.waypointhotkey": {
      "keyCode": 210
   },
   "key.minimap.togglemobs": {
      "keyCode": 211
   }
}