{
    "aluminum": {
        "template": "uniform",
        "block": "PoorOres:poor_aluminum_ore",
        "clusterSize": 12,
        "numClusters": 12,
        "minHeight": 44,
        "maxHeight": 62,
        "retrogen": "true",
        "biomeRestriction": "none",
        "biomes": [],
        "dimensionRestriction": "blacklist",
        "dimensions": [
            -1,
            1
        ]
    },
	"copper": {
        "template": "uniform",
        "block": "PoorOres:poor_copper_ore", 
        "clusterSize": 16,
        "numClusters": 10,
        "minHeight": 20,
        "maxHeight": 50,
        "retrogen": "true",
        "biomeRestriction": "none",
        "biomes": [],
        "dimensionRestriction": "blacklist",
        "dimensions": [
            -1,
            1
        ]
    },
    "tin": {
        "template": "uniform",
        "block": "PoorOres:poor_tin_ore", 
		"clusterSize": 14,
        "numClusters": 8,
        "minHeight": 10,
        "maxHeight": 40,
        "retrogen": "true",
        "biomeRestriction": "none",
        "biomes": [],
        "dimensionRestriction": "blacklist",
        "dimensions": [
            -1,
            1
        ]
    },
	"zinc": {
        "template": "uniform",
        "block": "PoorOres:poor_zinc_ore", 
		"clusterSize": 14,
        "numClusters": 8,
        "minHeight": 15,
        "maxHeight": 45,
        "retrogen": "true",
        "biomeRestriction": "none",
        "biomes": [],
        "dimensionRestriction": "blacklist",
        "dimensions": [
            -1,
            1
        ]
    }
}