{
    "dirt": {
        "template": "uniform",
        "block": "dirt",
        "material": "minecraft:stone",
        "clusterSize": 32,
        "numClusters": 20,
        "minHeight": 0,
        "maxHeight": 128,
        "retrogen": "false",
        "biomeRestriction": "none",
        "biomes": [],
        "dimensionRestriction": "blacklist",
        "dimensions": [
            -1,
            1
        ]
    },
    "gravel": {
        "template": "uniform",
        "block": "gravel",
        "material": "stone",
        "clusterSize": 32,
        "numClusters": 10,
        "minHeight": 0,
        "maxHeight": 128,
        "retrogen": "false",
        "biomeRestriction": "none",
        "biomes": [],
        "dimensionRestriction": "blacklist",
        "dimensions": [
            -1,
            1
        ]
    },
    "coal": {
        "template": "uniform",
		"block": [
        	{
        		"name":"PoorOres:poor_coal_ore", 
        		"weight":75
        	},
        	{
        		"name":"coal_ore",
        		"weight":25
        	}
        ],
        "material": "stone",
        "clusterSize": 18,
        "numClusters": 12,
        "minHeight": 0,
        "maxHeight": 128,
        "retrogen": "true",
        "biomeRestriction": "none",
        "biomes": [],
        "dimensionRestriction": "blacklist",
        "dimensions": [
            -1,
            1
        ]
    },
    "iron": {
        "template": "uniform",
        "block": [
        	{
        		"name":"PoorOres:poor_iron_ore", 
        		"weight":75
        	},
        	{
        		"name":"iron_ore",
        		"weight":25
        	}
        ],
        "material": "minecraft:stone",
        "clusterSize": 12,
        "numClusters": 9,
        "minHeight": 24,
        "maxHeight": 62,
        "retrogen": "true",
        "biomeRestriction": "none",
        "biomes": [],
        "dimensionRestriction": "blacklist",
        "dimensions": [
            -1,
            1
        ]
    },
    "gold": {
        "template": "uniform",
        "block": [
        	{
        		"name":"PoorOres:poor_gold_ore", 
        		"weight":75
        	},
        	{
        		"name":"gold_ore",
        		"weight":25
        	}
        ],
        "material": "minecraft:stone",
        "clusterSize": 8,
        "numClusters": 2,
        "minHeight": 10,
        "maxHeight": 32,
        "retrogen": "true",
        "biomeRestriction": "none",
        "biomes": [],
        "dimensionRestriction": "blacklist",
        "dimensions": [
            -1,
            1
        ]
    },
    "redstone": {
        "template": "uniform",
        "block": [
        	{
        		"name":"PoorOres:poor_redstone_ore", 
        		"weight":75
        	},
        	{
        		"name":"redstone_ore",
        		"weight":25
        	}
        ],
        "material": "minecraft:stone",
        "clusterSize": 12,
        "numClusters": 6,
        "minHeight": 4,
        "maxHeight": 16,
        "retrogen": "true",
        "biomeRestriction": "none",
        "biomes": [],
        "dimensionRestriction": "blacklist",
        "dimensions": [
            -1,
            1
        ]
    },
    "diamond": {
        "template": "uniform",
        "block": [
        	{
        		"name":"PoorOres:poor_diamond_ore", 
        		"weight":75
        	},
        	{
        		"name":"diamond_ore",
        		"weight":25
        	}
        ],
        "material": "minecraft:stone",
        "clusterSize": 8,
        "numClusters": 1,
        "minHeight": 0,
        "maxHeight": 16,
        "retrogen": "true",
        "biomeRestriction": "none",
        "biomes": [],
        "dimensionRestriction": "blacklist",
        "dimensions": [
            -1,
            1
        ]
    },
    "lapis": {
        "template": "normal",
        "block": [
        	{
        		"name":"PoorOres:poor_diamond_ore", 
        		"weight":75
        	},
        	{
        		"name":"diamond_ore",
        		"weight":25
        	}
        ],
        "material": "minecraft:stone",
        "clusterSize": 12,
        "numClusters": 1,
        "meanHeight": 16,
        "maxVariance": 16,
        "retrogen": "true",
        "biomeRestriction": "none",
        "biomes": [],
        "dimensionRestriction": "blacklist",
        "dimensions": [
            -1,
            1
        ]
    },
    "quartz": {
        "template": "uniform",
        "block": "quartz_ore",
        "material": "minecraft:netherrack",
        "clusterSize": 13,
        "numClusters": 16,
        "minHeight": 10,
        "maxHeight": 118,
        "retrogen": "true",
        "biomeRestriction": "whitelist",
        "biomes": [
            {"type": "dictionary", "entry": "NETHER"}
        ],
        "dimensionRestriction": "none",
        "dimensions": []
    }
}