{
  "tools": {
    "axe": {
      "name": "Axe",
      "icon": "minecraft:diamond_axe",
      "toollist": [
        "appliedenergistics2:certus_quartz_axe",
        "appliedenergistics2:item.ToolCertusQuartzAxe",
        "appliedenergistics2:item.ToolNetherQuartzAxe",
        "appliedenergistics2:nether_quartz_axe",
        "minecraft:diamond_axe",
        "minecraft:golden_axe",
        "minecraft:iron_axe",
        "minecraft:stone_axe",
        "minecraft:wooden_axe",
        "redstonearsenal:tool.axe_flux",
        "tconstruct:hatchet",
        "thermalfoundation:tool.axe_aluminum",
        "thermalfoundation:tool.axe_bronze",
        "thermalfoundation:tool.axe_constantan",
        "thermalfoundation:tool.axe_copper",
        "thermalfoundation:tool.axe_electrum",
        "thermalfoundation:tool.axe_invar",
        "thermalfoundation:tool.axe_lead",
        "thermalfoundation:tool.axe_nickel",
        "thermalfoundation:tool.axe_platinum",
        "thermalfoundation:tool.axe_silver",
        "thermalfoundation:tool.axe_steel",
        "thermalfoundation:tool.axe_tin"
      ],
      "blocklist": [
        "minecraft:fence",
        "minecraft:leaves",
        "minecraft:leaves2",
        "minecraft:log",
        "minecraft:log2",
        "tconstruct:slime_leaves"
      ]
    },
    "crook": {
      "name": "Crook",
      "icon": "exnihiloadscensio:crookWood",
      "toollist": [
        "exnihiloadscensio:crookBone",
        "exnihiloadscensio:crookWood"
      ],
      "blocklist": [
        "exnihiloadscensio:blockInfestedLeaves",
        "minecraft:leaves",
        "minecraft:leaves2"
      ]
    },
    "hammer": {
      "name": "Hammer",
      "icon": "exnihiloadscensio:hammerDiamond",
      "toollist": [
        "exnihiloadscensio:hammerDiamond",
        "exnihiloadscensio:hammerIron",
        "exnihiloadscensio:hammerStone",
        "exnihiloadscensio:hammerWood"
      ],
      "blocklist": [
        "minecraft:cobblestone",
        "minecraft:gravel",
        "minecraft:sand",
        "minecraft:stone"
      ]
    },
    "hoe": {
      "name": "Hoe",
      "icon": "minecraft:diamond_hoe",
      "toollist": [
        "appliedenergistics2:certus_quartz_hoe",
        "appliedenergistics2:item.ToolCertusQuartzHoe",
        "appliedenergistics2:item.ToolNetherQuartzHoe",
        "appliedenergistics2:nether_quartz_hoe",
        "minecraft:diamond_hoe",
        "minecraft:golden_hoe",
        "minecraft:iron_hoe",
        "minecraft:stone_hoe",
        "minecraft:wooden_hoe",
        "redstonearsenal:tool.sickle_flux",
        "tconstruct:mattock",
        "thermalfoundation:tool.hoe_aluminum",
        "thermalfoundation:tool.hoe_bronze",
        "thermalfoundation:tool.hoe_constantan",
        "thermalfoundation:tool.hoe_copper",
        "thermalfoundation:tool.hoe_electrum",
        "thermalfoundation:tool.hoe_invar",
        "thermalfoundation:tool.hoe_lead",
        "thermalfoundation:tool.hoe_nickel",
        "thermalfoundation:tool.hoe_platinum",
        "thermalfoundation:tool.hoe_silver",
        "thermalfoundation:tool.hoe_steel",
        "thermalfoundation:tool.hoe_tin",
        "thermalfoundation:tool.sickle_aluminum",
        "thermalfoundation:tool.sickle_bronze",
        "thermalfoundation:tool.sickle_constantan",
        "thermalfoundation:tool.sickle_copper",
        "thermalfoundation:tool.sickle_diamond",
        "thermalfoundation:tool.sickle_electrum",
        "thermalfoundation:tool.sickle_gold",
        "thermalfoundation:tool.sickle_invar",
        "thermalfoundation:tool.sickle_iron",
        "thermalfoundation:tool.sickle_lead",
        "thermalfoundation:tool.sickle_nickel",
        "thermalfoundation:tool.sickle_platinum",
        "thermalfoundation:tool.sickle_silver",
        "thermalfoundation:tool.sickle_steel",
        "thermalfoundation:tool.sickle_stone",
        "thermalfoundation:tool.sickle_tin",
        "thermalfoundation:tool.sickle_wood"
      ],
      "blocklist": [
        "minecraft:carrots",
        "minecraft:melon_block",
        "minecraft:potatoes",
        "minecraft:pumpkin",
        "minecraft:wheat"
      ]
    },
    "pickaxe": {
      "name": "Pickaxe",
      "icon": "minecraft:diamond_pickaxe",
      "toollist": [
        "appliedenergistics2:certus_quartz_pickaxe",
        "appliedenergistics2:item.ToolCertusQuartzPickaxe",
        "appliedenergistics2:item.ToolNetherQuartzPickaxe",
        "appliedenergistics2:nether_quartz_pickaxe",
        "immersiveengineering:drill",
        "minecraft:diamond_pickaxe",
        "minecraft:golden_pickaxe",
        "minecraft:iron_pickaxe",
        "minecraft:stone_pickaxe",
        "minecraft:wooden_pickaxe",
        "redstonearsenal:tool.hammer_flux",
        "redstonearsenal:tool.pickaxe_flux",
        "tconstruct:pickaxe",
        "thermalfoundation:tool.hammer_aluminum",
        "thermalfoundation:tool.hammer_bronze",
        "thermalfoundation:tool.hammer_constantan",
        "thermalfoundation:tool.hammer_copper",
        "thermalfoundation:tool.hammer_diamond",
        "thermalfoundation:tool.hammer_electrum",
        "thermalfoundation:tool.hammer_gold",
        "thermalfoundation:tool.hammer_invar",
        "thermalfoundation:tool.hammer_iron",
        "thermalfoundation:tool.hammer_lead",
        "thermalfoundation:tool.hammer_nickel",
        "thermalfoundation:tool.hammer_platinum",
        "thermalfoundation:tool.hammer_silver",
        "thermalfoundation:tool.hammer_steel",
        "thermalfoundation:tool.hammer_stone",
        "thermalfoundation:tool.hammer_tin",
        "thermalfoundation:tool.hammer_wood",
        "thermalfoundation:tool.pickaxe_aluminum",
        "thermalfoundation:tool.pickaxe_bronze",
        "thermalfoundation:tool.pickaxe_constantan",
        "thermalfoundation:tool.pickaxe_copper",
        "thermalfoundation:tool.pickaxe_electrum",
        "thermalfoundation:tool.pickaxe_invar",
        "thermalfoundation:tool.pickaxe_lead",
        "thermalfoundation:tool.pickaxe_nickel",
        "thermalfoundation:tool.pickaxe_platinum",
        "thermalfoundation:tool.pickaxe_silver",
        "thermalfoundation:tool.pickaxe_steel",
        "thermalfoundation:tool.pickaxe_tin"
      ],
      "blocklist": [
        "appliedenergistics2:charged_quartz_ore/0",
        "appliedenergistics2:quartz_ore/0",
        "deepresonance:resonating_ore/0",
        "immersiveengineering:ore/0",
        "immersiveengineering:ore/1",
        "immersiveengineering:ore/2",
        "immersiveengineering:ore/3",
        "immersiveengineering:ore/4",
        "immersiveengineering:ore/5",
        "minecraft:coal_ore",
        "minecraft:cobblestone",
        "minecraft:cobblestone_wall",
        "minecraft:diamond_ore",
        "minecraft:emerald_ore",
        "minecraft:glowstone",
        "minecraft:gold_ore",
        "minecraft:iron_ore",
        "minecraft:lapis_ore",
        "minecraft:lit_redstone_ore",
        "minecraft:mossy_cobblestone",
        "minecraft:nether_brick_fence",
        "minecraft:obsidian",
        "minecraft:quartz_ore",
        "minecraft:redstone_ore",
        "tconstruct:ore/0",
        "tconstruct:ore/1",
        "thermalfoundation:ore/0",
        "thermalfoundation:ore/1",
        "thermalfoundation:ore/2",
        "thermalfoundation:ore/3",
        "thermalfoundation:ore/4",
        "thermalfoundation:ore/5",
        "thermalfoundation:ore/6",
        "thermalfoundation:ore/7",
        "thermalfoundation:ore/8",
        "thermalfoundation:ore_fluid/0",
        "thermalfoundation:ore_fluid/1",
        "thermalfoundation:ore_fluid/2",
        "thermalfoundation:ore_fluid/3",
        "thermalfoundation:ore_fluid/4"
      ]
    },
    "shears": {
      "name": "Shears",
      "icon": "minecraft:shears",
      "toollist": [
        "enderio:darkSteel_shears",
        "minecraft:shears",
        "moreshears:diamondShears",
        "moreshears:emeraldShears",
        "moreshears:flintShears",
        "moreshears:goldenShears",
        "moreshears:stoneShears",
        "moreshears:woodenShears",
        "thermalfoundation:tool.shears_aluminum",
        "thermalfoundation:tool.shears_bronze",
        "thermalfoundation:tool.shears_constantan",
        "thermalfoundation:tool.shears_copper",
        "thermalfoundation:tool.shears_diamond",
        "thermalfoundation:tool.shears_electrum",
        "thermalfoundation:tool.shears_gold",
        "thermalfoundation:tool.shears_invar",
        "thermalfoundation:tool.shears_lead",
        "thermalfoundation:tool.shears_nickel",
        "thermalfoundation:tool.shears_platinum",
        "thermalfoundation:tool.shears_silver",
        "thermalfoundation:tool.shears_steel",
        "thermalfoundation:tool.shears_stone",
        "thermalfoundation:tool.shears_tin",
        "thermalfoundation:tool.shears_wood"
      ],
      "blocklist": [
        "minecraft:deadbush",
        "minecraft:leaves",
        "minecraft:leaves2",
        "minecraft:tallgrass",
        "minecraft:vine",
        "minecraft:web",
        "minecraft:wool",
        "tconstruct:slime_leaves"
      ]
    },
    "shovel": {
      "name": "Shovel",
      "icon": "minecraft:diamond_shovel",
      "toollist": [
        "appliedenergistics2:item.ToolCertusQuartzSpade",
        "appliedenergistics2:item.ToolNetherQuartzSpade",
        "immersiveengineering:drill",
        "minecraft:diamond_shovel",
        "minecraft:golden_shovel",
        "minecraft:iron_shovel",
        "minecraft:stone_shovel",
        "minecraft:wooden_shovel",
        "redstonearsenal:tool.shovel_flux",
        "tconstruct:mattock",
        "tconstruct:shovel",
        "thermalfoundation:tool.shovel_aluminum",
        "thermalfoundation:tool.shovel_bronze",
        "thermalfoundation:tool.shovel_constantan",
        "thermalfoundation:tool.shovel_copper",
        "thermalfoundation:tool.shovel_electrum",
        "thermalfoundation:tool.shovel_invar",
        "thermalfoundation:tool.shovel_lead",
        "thermalfoundation:tool.shovel_nickel",
        "thermalfoundation:tool.shovel_platinum",
        "thermalfoundation:tool.shovel_silver",
        "thermalfoundation:tool.shovel_steel",
        "thermalfoundation:tool.shovel_tin"
      ],
      "blocklist": [
        "minecraft:clay",
        "minecraft:gravel",
        "minecraft:sand"
      ]
    }
  }
}