{
	// Food included in the food group
	"food": {
		"items": [
			"harvestcraft:snickersbarItem"
		]
	},

	// The name that will be shown in the tooltip.
	// Can be localized. Unused for hidden food groups.
	// Optional; default if not defined: "spiceoflife.foodgroup.<filename>"
	"name": "Nutritious",

	// Optional; default if not defined: true
	"enabled": true,

	// If true, the foods in this food group will be excluded from diminishing returns
	// Optional; default if not defined: false
	"blacklist": true
}