{
  "name": "stringy",
  "tier": 1,
  "craftAmount": 4,
  "color": "#F1FFD2",
  "inputItem": {
    "id": {
      "domain": "minecraft",
      "path": "string"
    },
    "amount": 1,
    "meta": 0
  },
  "outputs": [
    {
      "item": {
        "id": {
          "domain": "minecraft",
          "path": "string"
        },
        "amount": 8,
        "meta": 0
      },
      "shape": "DEFAULT"
    }
  ],
  "growthRequirement": {
    "minLight": 7,
    "maxLight": 15,
    "requiredState": null
  }
}