{
  "name": "creepy",
  "tier": 2,
  "craftAmount": 4,
  "color": "#00FF21",
  "inputItem": {
    "id": {
      "domain": "minecraft",
      "path": "gunpowder"
    },
    "amount": 1,
    "meta": 0
  },
  "outputs": [
    {
      "item": {
        "id": {
          "domain": "minecraft",
          "path": "gunpowder"
        },
        "amount": 8,
        "meta": 0
      },
      "shape": "DEFAULT"
    }
  ],
  "growthRequirement": {
    "minLight": 7,
    "maxLight": 15,
    "requiredState": null
  }
}