{
    "aluminum": {
        "template": "uniform",
        "block": [
        	{
        		"name":"PoorOres:poor_aluminum_ore",
        		"weight":75
        	},
        	{
        		"name":"aluminum_ore",
        		"weight":25
        	}
        ],
        "clusterSize": 12,
        "numClusters": 12,
        "minHeight": 44,
        "maxHeight": 62,
        "retrogen": "true",
        "biomeRestriction": "none",
        "biomes": [],
        "dimensionRestriction": "blacklist",
        "dimensions": [
            -1,
            1
        ]
    },
	"copper": {
        "template": "uniform",
        "block":  [
        	{
        		"name":"PoorOres:poor_copper_ore", 
        		"weight":75
        	},
        	{
        		"name":"copper_ore",
        		"weight":25
        	}
        ],
        "clusterSize": 16,
        "numClusters": 10,
        "minHeight": 20,
        "maxHeight": 50,
        "retrogen": "true",
        "biomeRestriction": "none",
        "biomes": [],
        "dimensionRestriction": "blacklist",
        "dimensions": [
            -1,
            1
        ]
    },
    "tin": {
        "template": "uniform",
        "block": [
        	{
        		"name":"PoorOres:poor_tin_ore", 
        		"weight":75
        	},
        	{
        		"name":"tin_ore",
        		"weight":25
        	}
        ],
		"clusterSize": 14,
        "numClusters": 8,
        "minHeight": 10,
        "maxHeight": 40,
        "retrogen": "true",
        "biomeRestriction": "none",
        "biomes": [],
        "dimensionRestriction": "blacklist",
        "dimensions": [
            -1,
            1
        ]
    },
	"zinc": {
        "template": "uniform",
        "block": [
        	{
        		"name":"PoorOres:poor_zinc_ore", 
        		"weight":75
        	},
        	{
        		"name":"zinc_ore",
        		"weight":25
        	}
        ],
		"clusterSize": 14,
        "numClusters": 8,
        "minHeight": 15,
        "maxHeight": 45,
        "retrogen": "true",
        "biomeRestriction": "none",
        "biomes": [],
        "dimensionRestriction": "blacklist",
        "dimensions": [
            -1,
            1
        ]
    }
}