{
    "images":
    {
		"sword":
		{
			"image" : "h2:gui/H2_Sword.png",
			"posX" : 20,
			"posY" : -195,
			"width" : 150,
			"height" : 501,
			"alignment" : "left_center"
			
		}
    },
    
    "buttons":
    {
        "singleplayer":
        {
            "text" : "menu.singleplayer",
            "posX" : 35,
            "posY" : 5,
            "width" : 120,
            "height" : 20,
            "alignment" : "left_center",
			"action" : 
            {
                "type" : "openGui",
                "gui" : "singleplayer"
            }
        },
       
        "multiplayer":
        {
            "text" : "menu.multiplayer",
            "posX" : 35,
            "posY" : 27,
            "width" : 120,
            "height" : 20,
            "alignment" : "left_center",
			"action" : 
            {
                "type" : "openGui",
                "gui" : "multiplayer"
            }
        },
       
        "mods":
        {
            "text" : "Mods",
            "posX" : 35,
            "posY" : 49,
            "width" : 120,
            "height" : 20,
            "alignment" : "left_center",
			"action" : 
            {
                "type" : "openGui",
                "gui" : "mods"
            }
        },
           
        "options":
        {
            "text" : "Options",
            "posX" : 35,
            "posY" : 93,
            "width" : 46,
            "height" : 20,
            "alignment" : "left_center",
			"action" : 
            {
                "type" : "openGui",
                "gui" : "options"
            }
        },
       
        "quit":
        {
            "text" : "Quit",
            "posX" : 109,
            "posY" : 93,
            "width" : 46,
            "height" : 20,
            "alignment" : "left_center",
		    "action" : 
            {
                "type" : "quit"
            }
        },
       
        "language":
        {
            "text" : "",
            "posX" : 85,
            "posY" : 93,
            "width" : 20,
            "height" : 20,
            "alignment" : "left_center",
            "action" : 
            {
                "type" : "openGui",
                "gui" : "languages"
            }
        }

    },
   
    
    "texts":
    {
        "mojang":
        {
            "text" : " ",
            "posX" : -197,
            "posY" : -10,
            "color" : -1,
            "alignment" : "bottom_right"
        }
    },
    
    "other":
    {
	"background":
        {
            "image" : ["h2:backgrounds/bigtreebuilding.jpg","h2:backgrounds/mortuary.jpg","h2:backgrounds/tf_tower_woods.jpg","h2:backgrounds/white_castle.jpg","h2:backgrounds/white_castle_2.jpg"],
			"mode" : "stretch"
        }
    }
}