{"foods":
	[{
		"name": "lettuce",
		"food": "1",
		"saturation": 0.3,
		"isMeat": false,
		"color": 8112513,
		"makeSeed": true,
		"isEdible": true,
		"seedRecipe": true,
		"oreDictNames":["foodVeggie"]
	},

	{
		"name": "onion",
		"food": "1",
		"saturation": 0.3,
		"isMeat": false,
		"color": 15790028,
		"makeSeed": true,
		"isEdible": true,
		"seedRecipe": true,
		"oreDictNames":["foodCrop", "foodVeggie"]
	},

	{
		"name": "bean",
		"food": "1",
		"saturation": 0.3,
		"isMeat": false,
		"color": 7225913,
		"makeSeed": true,
		"isEdible": true,
		"seedRecipe": true
	},

	{
		"name": "rice",
		"food": "1",
		"saturation": 0.3,
		"isMeat": false,
		"color": 14077372,
		"makeSeed": true,
		"isEdible": true,
		"seedRecipe": true
	},

	{
		"name": "broccoli",
		"food": "1",
		"saturation": 0.3,
		"isMeat": false,
		"color": 10932637,
		"makeSeed": true,
		"isEdible": true,
		"seedRecipe": true,
		"oreDictNames":["foodVeggie"]
	},

	{
		"name": "tealeaves",
		"isMeat": false,
		"color": 9807983,
		"makeSeed": true,
		"isEdible": false,
		"seedRecipe": true
	},

	{
		"name": "kiwi",
		"food": "1",
		"saturation": 0.3,
		"isMeat": false,
		"isFruit": true,
		"color": 11575668,
		"makeSeed": true,
		"isEdible": true,
		"seedRecipe": true,
		"oreDictNames":["foodFruit"],
		"flavorText":"�bNo, not the bird."
	},

	{
		"name": "salt",
		"isMeat": false,
		"makeSeed": false,
		"isEdible": false,
		"oreDictNames":["itemSalt"]
	},

	{
		"name": "dough",
		"isMeat": false,
		"makeSeed": false,
		"isEdible": false
	},
	
	{
		"name": "bottlewater",
		"food": "0",
		"saturation": 0,
		"isMeat": false,
		"makeSeed": false,
		"isAlwaysEdible": true,
		"isDrink": true
	},

	{
		"name": "uncookedfrenchfries",
		"isMeat": false,
		"makeSeed": false,
		"isEdible": false
	},

	{
		"name": "uncookedbeans",
		"isMeat": false,
		"makeSeed": false,
		"isEdible": false
	},

	{
		"name": "uncookedrice",
		"isMeat": false,
		"makeSeed": false,
		"isEdible": false
	},

	{
		"name": "uncookedfruitpie",
		"isMeat": false,
		"makeSeed": false,
		"isEdible": false
	},

	{
		"name": "uncookedtea",
		"isMeat": false,
		"makeSeed": false,
		"isEdible": false
	},

	{
		"name": "jerky",
		"food": "4",
		"saturation": 1.1,
		"isMeat": true,
		"makeSeed": false,
		"isEdible": true
	},

	{
		"name": "bacon",
		"food": "4",
		"saturation": 1.1,
		"isMeat": true,
		"makeSeed": false,
		"isEdible": true
	},

	{
		"name": "friedegg",
		"food": "4",
		"saturation": 1.1,
		"isMeat": false,
		"makeSeed": false,
		"isEdible": true
	},

	{
		"name": "homefries",
		"food": "4",
		"saturation": 1.1,
		"isMeat": false,
		"makeSeed": false,
		"isEdible": true
	},

	{
		"name": "toast",
		"food": "5",
		"saturation": 1.2,
		"isMeat": false,
		"makeSeed": false,
		"isEdible": true
	},

	{
		"name": "frenchfries",
		"food": "4",
		"saturation": 1.1,
		"isMeat": false,
		"makeSeed": false,
		"isEdible": true
	},

	{
		"name": "cookedbeans",
		"food": "6",
		"saturation": 1,
		"isMeat": false,
		"makeSeed": false,
		"isEdible": true
	},

	{
		"name": "ultimatebreakfast",
		"food": "12",
		"saturation": 0.7,
		"isMeat": false,
		"makeSeed": false,
		"isEdible": true
	},

	{
		"name": "steamedrice",
		"food": "6",
		"saturation": 0.9,
		"isMeat": false,
		"makeSeed": false,
		"isEdible": true
	},

	{
		"name": "friedrice",
		"food": "8",
		"saturation": 0.8,
		"isMeat": false,
		"makeSeed": false,
		"isEdible": true
	},

	{
		"name": "beefbroccoli",
		"food": "8",
		"saturation": 0.8,
		"isMeat": false,
		"makeSeed": false,
		"isEdible": true
	},


	{
		"name": "springsalad",
		"food": "6",
		"saturation": 0.9,
		"isMeat": false,
		"makeSeed": false,
		"isEdible": true
	},

	{
		"name": "beansrice",
		"food": "8",
		"saturation": 0.8,
		"isMeat": false,
		"makeSeed": false,
		"isEdible": true
	},

	{
		"name": "fruitpie",
		"food": "10",
		"saturation": 0.75,
		"isMeat": false,
		"makeSeed": false,
		"isEdible": true
	},

	{
		"name": "cuptea",
		"food": "1",
		"saturation": 2,
		"isMeat": false,
		"makeSeed": false,
		"isAlwaysEdible": true,
		"isDrink": true
	},

	{
		"name": "batwing",
		"food": "2",
		"saturation": 1.1,
		"isMeat": true,
		"makeSeed": false,
		"isEdible": true,
		"effects":[
			{"name": "potion.hunger",
			 "time": 180,
			 "chance": 0.5
			}],
		"animals":["Bat"],
		"minDropped": 1,
		"maxDropped": 2

	},

	{
		"name": "uncookedbatwing",
		"isMeat": true,
		"makeSeed": false,
		"isEdible": false

	},

	{
		"name": "friedbatwing",
		"food": "5",
		"saturation": 1.2,
		"isMeat": true,
		"makeSeed": false,
		"isEdible": true,
		"flavorText": "�bChicken of the cave.."

	}]
}
