{
"name": "loot-ore2",
"criteria": {},
"levels": {
"2": {
"loot": {
"ORE": {
"loot": [
{
"weight": "10",
"loot": {
"name": "minecraft:gold_ore",
"min": 4,
"max": 6
}
},
{
"weight": "20",
"loot": {
"name": "minecraft:iron_ore",
"min": 6,
"max": 12
}
},
{
"weight": "15",
"loot": {
"name": "Steamcraft:steamcraftOre",
"meta": 0,
"min": 6,
"max": 12
}
},
{
"weight": "15",
"loot": {
"name": "Steamcraft:steamcraftOre",
"meta": 1,
"min": 6,
"max": 12
}
},
{
"weight": "15",
"loot": {
"name": "TConstruct:SearedBrick",
"meta": 4,
"min": 6,
"max": 12
}
},
{
"weight": "10",
"loot": {
"name": "minecraft:lapis_ore",
"min": 10,
"max": 20
}
},
{
"weight": "15",
"loot": {
"name": "minecraft:redstone_ore",
"min": 6,
"max": 12
}
}
]
}
}
}
}
}