{
"name": "loot-ore3",
"criteria": {},
"levels": {
"3": {
"loot": {
"ORE": {
"loot": [
{
"weight": "13",
"loot": {
"name": "minecraft:gold_ore",
"min": 4,
"max": 6
}
},
{
"weight": "12",
"loot": {
"name": "Thaumcraft:ItemShard",
"meta": 0,
"min": 6,
"max": 12
}
},
{
"weight": "12",
"loot": {
"name": "Thaumcraft:ItemShard",
"meta": 1,
"min": 6,
"max": 12
}
},
{
"weight": "12",
"loot": {
"name": "Thaumcraft:ItemShard",
"meta": 2,
"min": 6,
"max": 12
}
},
{
"weight": "12",
"loot": {
"name": "Thaumcraft:ItemShard",
"meta": 3,
"min": 6,
"max": 12
}
},
{
"weight": "12",
"loot": {
"name": "Thaumcraft:ItemShard",
"meta": 4,
"min": 6,
"max": 12
}
},
{
"weight": "12",
"loot": {
"name": "Thaumcraft:ItemShard",
"meta": 5,
"min": 6,
"max": 12
}
},
{
"weight": "15",
"loot": {
"name": "minecraft:redstone_ore",
"min": 6,
"max": 12
}
}
]
}
}
}
}
}