{
"name": "loot-ore",
"criteria": {},
"levels": {
"0": {
"loot": {
"ORE": {
"loot": [
{
"weight": "25",
"loot": {
"name": "minecraft:coal_ore",
"min": 12,
"max": 18
}
},
{
"weight": "15",
"loot": {
"name": "minecraft:iron_ore",
"min": 6,
"max": 12
}
},
{
"weight": "15",
"loot": {
"name": "Steamcraft:steamcraftOre",
"meta": 0,
"min": 6,
"max": 12
}
},
{
"weight": "15",
"loot": {
"name": "Steamcraft:steamcraftOre",
"meta": 1,
"min": 6,
"max": 12
}
},
{
"weight": "15",
"loot": {
"name": "TConstruct:SearedBrick",
"meta": 4,
"min": 6,
"max": 12
}
},
{
"weight": "15",
"loot": {
"name": "TConstruct:SearedBrick",
"meta": 5,
"min": 6,
"max": 12
}
}
]
}
}
}
}
}