{
"name": "loot-ore4",
"criteria": {},
"levels": {
"4": {
"loot": {
"ORE": {
"loot": [
{
"weight": "7",
"loot": {
"name": "minecraft:diamond_ore",
"min": 4,
"max": 6
}
},
{
"weight": "15",
"loot": {
"name": "Thaumcraft:ItemShard",
"meta": 0,
"min": 6,
"max": 12
}
},
{
"weight": "15",
"loot": {
"name": "Thaumcraft:ItemShard",
"meta": 1,
"min": 6,
"max": 12
}
},
{
"weight": "15",
"loot": {
"name": "Thaumcraft:ItemShard",
"meta": 2,
"min": 6,
"max": 12
}
},
{
"weight": "15",
"loot": {
"name": "Thaumcraft:ItemShard",
"meta": 3,
"min": 6,
"max": 12
}
},
{
"weight": "15",
"loot": {
"name": "Thaumcraft:ItemShard",
"meta": 4,
"min": 6,
"max": 12
}
},
{
"weight": "15",
"loot": {
"name": "Thaumcraft:ItemShard",
"meta": 5,
"min": 6,
"max": 12
}
},
{
"weight": "3",
"loot": {
"name": "minecraft:emerald_ore",
"min": 6,
"max": 12
}
}
]
}
}
}
}
}