{
  "0": "WATER",
  "1": "PLAINS",
  "2": "SAND",
  "3": "MOUNTAINS",
  "4": "FOREST",
  "5": "PINES",
  "6": "SWAMP",
  "7": "WATER",
  "9": "BEACH",
  "10": "FROZEN_WATER",
  "11": "FROZEN_WATER",
  "12": "SNOW",
  "13": "MOUNTAINS",
  "14": "MUSHROOM",
  "15": "BEACH",
  "17": "HILLS",
  "16": "BEACH",
  "19": "PINES_HILLS",
  "18": "FOREST_HILLS",
  "21": "JUNGLE",
  "80": "FOREST",
  "20": "MOUNTAINS",
  "22": "JUNGLE_HILLS",
  "93": "FOREST",
  "-3": "HOUSE",
  "-2": "FENCE",
  "90": "SAND",
  "50": "FOREST_HILLS",
  "48": "PLAINS"
}