{
  "output": "lavaProtector",
  "width": 3,
  "height": 3,
  "row1": [
    {
      "isBlock": true,
      "name": "minecraft:obsidian",
      "metadata": 32767
    },
    "ingotIron",
    {
      "isBlock": true,
      "name": "minecraft:obsidian",
      "metadata": 32767
    }
  ],
  "row2": [
    {
      "isBlock": true,
      "name": "minecraft:obsidian",
      "metadata": 32767
    },
    {
      "isBlock": true,
      "name": "minecraft:obsidian",
      "metadata": 32767
    },
    {
      "isBlock": true,
      "name": "minecraft:obsidian",
      "metadata": 32767
    }
  ],
  "row3": [
    {
      "isBlock": true,
      "name": "minecraft:obsidian",
      "metadata": 32767
    },
    "ingotIron",
    {
      "isBlock": true,
      "name": "minecraft:obsidian",
      "metadata": 32767
    }
  ]
}