{
  "output": "projectileProtector",
  "width": 3,
  "height": 3,
  "row1": [
    {
      "isBlock": false,
      "name": "minecraft:arrow",
      "metadata": 0
    },
    {
      "isBlock": false,
      "name": "minecraft:fire_charge",
      "metadata": 0
    },
    {
      "isBlock": false,
      "name": "minecraft:arrow",
      "metadata": 0
    }
  ],
  "row2": [
    {
      "isBlock": false,
      "name": "minecraft:fire_charge",
      "metadata": 0
    },
    {
      "isBlock": false,
      "name": "minecraft:arrow",
      "metadata": 0
    },
    {
      "isBlock": false,
      "name": "minecraft:fire_charge",
      "metadata": 0
    }
  ],
  "row3": [
    {
      "isBlock": false,
      "name": "minecraft:arrow",
      "metadata": 0
    },
    {
      "isBlock": false,
      "name": "minecraft:fire_charge",
      "metadata": 0
    },
    {
      "isBlock": false,
      "name": "minecraft:arrow",
      "metadata": 0
    }
  ]
}