<?xml version="1.0" encoding="UTF-8"?>
<enderio:recipes xmlns:enderio="http://enderio.com/recipes" xmlns:xsi="http://www.w3.org/2001/XMLSchema-instance" xsi:schemaLocation="http://enderio.com/recipes recipes.xsd ">

<!-- 

These are the build-in recipes. You cannot change this file, it is a
reference for you only and will be generated every time the game starts.

To make changes to the recipes, copy the recipes you want to change to
the matching _user.xml. To disabled a recipe, add an attribute "disabled"
and set it to true, e.g.: <recipe name="Gear" disabled="true" />

Item specifications can reference an alias, an ore dictionary name, a
block or an item. You can force the type by prefixing the value with
"oredict:", "block:" or "item:". Recipes that have items that cannot be
found in-game are either skipped or an error, depending on their "required"
attribute.

More information on the syntax can be found in the recipes.xsd file. An
XML editor will display that as tooltips when editing this file.

 -->

  <recipe name="Stirling Generator" required="true">
    <crafting>
      <grid size="3x3">
        <item name="minecraft:stonebrick:0" /><item name="minecraft:stonebrick:0" /><item name="minecraft:stonebrick:0" />
        <item name="minecraft:stonebrick:0" /><item name="minecraft:furnace" /><item name="minecraft:stonebrick:0" />
        <item name="GEAR" /><item name="minecraft:piston" /><item name="GEAR" />
      </grid>
      <output name="enderio:blockStirlingGenerator" />
    </crafting>
  </recipe>

  <recipe name="Combustion Generator" required="true">
    <crafting>
      <grid size="3x3">
        <item name="ELECTRICAL_STEEL" /><item name="ELECTRICAL_STEEL" /><item name="ELECTRICAL_STEEL" />
        <item name="EnderIO:blockTank:0" /><item name="CHASSIS" /><item name="EnderIO:blockTank:0" />
        <item name="GEAR" /><item name="minecraft:piston" /><item name="GEAR" />
      </grid>
      <output name="enderio:blockCombustionGenerator" />
    </crafting>
  </recipe>

  <recipe name="Zombie Generator" required="true">
    <crafting>
      <grid size="3x3">
        <item name="ELECTRICAL_STEEL" /><item name="ELECTRICAL_STEEL" /><item name="ELECTRICAL_STEEL" />
        <item name="FUSED_QUARTZ" /><item name="ZOMBIE_ELECTRODE" /><item name="FUSED_QUARTZ" />
        <item name="FUSED_QUARTZ" /><item name="FUSED_QUARTZ" /><item name="FUSED_QUARTZ" />
      </grid>
      <output name="enderio:blockZombieGenerator" />
    </crafting>
  </recipe>

  <recipe name="Killer Joe" required="true">
    <crafting>
      <grid size="3x3">
        <item name="DARK_STEEL" /><item name="DARK_STEEL" /><item name="DARK_STEEL" />
        <item name="FUSED_QUARTZ" /><item name="FRANKEN_ZOMBIE" /><item name="FUSED_QUARTZ" />
        <item name="FUSED_QUARTZ" /><item name="FUSED_QUARTZ" /><item name="FUSED_QUARTZ" />
      </grid>
      <output name="enderio:blockKillerJoe" />
    </crafting>
  </recipe>

  <recipe name="Wireless Charger" required="true">
    <crafting>
      <grid size="3x3">
        <item name="ELECTRICAL_STEEL" /><item name="ELECTRICAL_STEEL" /><item name="ELECTRICAL_STEEL" />
        <item name="ELECTRICAL_STEEL" /><item name="ENDER_RESONATOR" /><item name="ELECTRICAL_STEEL" />
        <item name="ELECTRICAL_STEEL" /><item name="CAPACITOR3" /><item name="ELECTRICAL_STEEL" />
      </grid>
      <output name="enderio:blockWirelessCharger" />
    </crafting>
  </recipe>

  <recipe name="Crafter" required="true">
    <crafting>
      <grid size="3x3">
        <item name="ingotIron" /><item name="workbench" /><item name="ingotIron" />
        <item name="ingotIron" /><item name="CHASSIS" /><item name="ingotIron" />
        <item name="ingotIron" /><item name="ZOMBIE_CONTROLLER" /><item name="ingotIron" />
      </grid>
      <output name="enderio:blockCrafter" />
    </crafting>
  </recipe>

  <recipe name="Powered Spawner" required="true">
    <crafting>
      <level maxlevel="2" />
      <grid size="3x3">
        <item name="ELECTRICAL_STEEL" /><item name="itemSkull" /><item name="ELECTRICAL_STEEL" />
        <item name="ELECTRICAL_STEEL" /><item name="CHASSIS" /><item name="ELECTRICAL_STEEL" />
        <item name="VIBRANT_CRYSTAL" /><item name="ZOMBIE_CONTROLLER" /><item name="VIBRANT_CRYSTAL" />
      </grid>
      <output name="enderio:blockPoweredSpawner" />
    </crafting>
    <crafting>
      <level minlevel="3" />
      <grid size="3x3">
        <item name="ELECTRICAL_STEEL" /><item name="itemSkull" /><item name="ELECTRICAL_STEEL" />
        <item name="ELECTRICAL_STEEL" /><item name="CHASSIS" /><item name="ELECTRICAL_STEEL" />
        <item name="VIBRANT_CRYSTAL" /><item name="FRANKEN_ZOMBIE" /><item name="VIBRANT_CRYSTAL" />
      </grid>
      <output name="enderio:blockPoweredSpawner" />
    </crafting>
  </recipe>

  <recipe name="Reservoir" required="true">
    <crafting>
      <level maxlevel="1" />
      <grid size="3x3">
        <item name="blockGlass" /><item name="FUSED_QUARTZ" /><item name="blockGlass" />
        <item name="blockGlass" /><item name="item:minecraft:cauldron" /><item name="blockGlass" />
        <item name="blockGlass" /><item name="FUSED_QUARTZ" /><item name="blockGlass" />
      </grid>
      <output name="enderio:blockReservoir" amount="4" />
    </crafting>
    <crafting>
      <level minlevel="2" />
      <grid size="3x3">
        <item name="blockGlassHardened" /><item name="FUSED_QUARTZ" /><item name="blockGlassHardened" />
        <item name="blockGlassHardened" /><item name="item:minecraft:cauldron" /><item name="blockGlassHardened" />
        <item name="blockGlassHardened" /><item name="FUSED_QUARTZ" /><item name="blockGlassHardened" />
      </grid>
      <output name="enderio:blockReservoir" amount="4" />
    </crafting>
  </recipe>

  <recipe name="Tank" required="true">
    <crafting>
      <grid size="3x3">
        <item name="ingotIron" /><item name="barsIron" /><item name="ingotIron" />
        <item name="barsIron" /><item name="blockGlass" /><item name="barsIron" />
        <item name="ingotIron" /><item name="barsIron" /><item name="ingotIron" />
      </grid>
      <output name="enderio:blockTank:0" />
    </crafting>
  </recipe>

  <recipe name="Tank 2" required="true">
    <crafting>
      <grid size="3x3">
        <item name="DARK_STEEL" /><item name="enderio:blockDarkIronBars" /><item name="DARK_STEEL" />
        <item name="enderio:blockDarkIronBars" /><item name="blockGlassHardened" /><item name="enderio:blockDarkIronBars" />
        <item name="DARK_STEEL" /><item name="enderio:blockDarkIronBars" /><item name="DARK_STEEL" />
      </grid>
      <output name="enderio:blockTank:1" />
    </crafting>
  </recipe>

  <recipe name="SAG Mill" required="true">
    <crafting>
      <level maxlevel="2" />
      <grid size="3x3">
        <item name="itemFlint" /><item name="itemFlint" /><item name="itemFlint" />
        <item name="ingotIron" /><item name="CHASSIS" /><item name="ingotIron" />
        <item name="ingotIron" /><item name="minecraft:piston" /><item name="ingotIron" />
      </grid>
      <output name="enderio:blockSagMill" />
    </crafting>
    <crafting>
      <level minlevel="3" />
      <grid size="3x3">
        <item name="oredict:obsidian" /><item name="oredict:obsidian" /><item name="oredict:obsidian" />
        <item name="itemFlint" /><item name="CHASSIS" /><item name="itemFlint" />
        <item name="minecraft:piston" /><item name="ingotIron" /><item name="minecraft:piston" />
      </grid>
      <output name="enderio:blockSagMill" />
    </crafting>
  </recipe>

  <recipe name="Alloy Smelter" required="true">
    <crafting>
      <level maxlevel="2" />
      <grid size="3x3">
        <item name="ingotIron" /><item name="minecraft:furnace" /><item name="ingotIron" />
        <item name="minecraft:furnace" /><item name="CHASSIS" /><item name="minecraft:furnace" />
        <item name="ingotIron" /><item name="item:minecraft:cauldron" /><item name="ingotIron" />
      </grid>
      <output name="enderio:blockAlloySmelter" />
    </crafting>
    <crafting>
      <level minlevel="3" />
      <grid size="3x3">
        <item name="blockIron" /><item name="minecraft:furnace" /><item name="blockIron" />
        <item name="minecraft:furnace" /><item name="CHASSIS" /><item name="minecraft:furnace" />
        <item name="blockIron" /><item name="item:minecraft:cauldron" /><item name="blockIron" />
      </grid>
      <output name="enderio:blockAlloySmelter" />
    </crafting>
  </recipe>

  <recipe name="The Vat" required="true">
    <crafting>
      <grid size="3x3">
        <item name="ELECTRICAL_STEEL" /><item name="item:minecraft:cauldron" /><item name="ELECTRICAL_STEEL" />
        <item name="enderio:blockTank:0" /><item name="CHASSIS" /><item name="enderio:blockTank:0" />
        <item name="ELECTRICAL_STEEL" /><item name="minecraft:furnace" /><item name="ELECTRICAL_STEEL" />
      </grid>
      <output name="enderio:blockVat" />
    </crafting>
  </recipe>

  <recipe name="Capacitor Bank, simple" required="true">
    <crafting>
      <grid size="3x3">
        <item name="ingotIron" /><item name="CAPACITOR1" /><item name="ingotIron" />
        <item name="CAPACITOR1" /><item name="blockRedstone" /><item name="CAPACITOR1" />
        <item name="ingotIron" /><item name="CAPACITOR1" /><item name="ingotIron" />
      </grid>
      <output name="CAP_BANK_1" />
    </crafting>
  </recipe>

  <recipe name="Capacitor Bank, activated" required="true">
    <crafting>
      <grid size="3x3">
        <item name="ELECTRICAL_STEEL" /><item name="CAPACITOR2" /><item name="ELECTRICAL_STEEL" />
        <item name="CAPACITOR2" /><item name="blockRedstone" /><item name="CAPACITOR2" />
        <item name="ELECTRICAL_STEEL" /><item name="CAPACITOR2" /><item name="ELECTRICAL_STEEL" />
      </grid>
      <output name="CAP_BANK_2" />
    </crafting>
  </recipe>

  <recipe name="Capacitor Bank, vibrant" required="true">
    <crafting>
      <grid size="3x3">
        <item name="ELECTRICAL_STEEL" /><item name="CAPACITOR3" /><item name="ELECTRICAL_STEEL" />
        <item name="CAPACITOR3" /><item name="VIBRANT_CRYSTAL" /><item name="CAPACITOR3" />
        <item name="ELECTRICAL_STEEL" /><item name="CAPACITOR3" /><item name="ELECTRICAL_STEEL" />
      </grid>
      <output name="CAP_BANK_3" />
    </crafting>
  </recipe>

  <recipe name="Painter" required="true">
    <crafting>
      <level maxlevel="2" />
      <grid size="3x3">
        <item name="gemQuartz" /><item name="gemDiamond" /><item name="gemQuartz" />
        <item name="ELECTRICAL_STEEL" /><item name="CHASSIS" /><item name="ELECTRICAL_STEEL" />
        <item name="ELECTRICAL_STEEL" /><item name="ELECTRICAL_STEEL" /><item name="ELECTRICAL_STEEL" />
      </grid>
      <output name="enderio:blockPainter" />
    </crafting>
    <crafting>
      <level minlevel="3" />
      <grid size="3x3">
        <item name="gemQuartz" /><item name="gemQuartz" /><item name="gemQuartz" />
        <item name="ELECTRICAL_STEEL" /><item name="blockDiamond" /><item name="ELECTRICAL_STEEL" />
        <item name="ELECTRICAL_STEEL" /><item name="CHASSIS" /><item name="ELECTRICAL_STEEL" />
      </grid>
      <output name="enderio:blockPainter" />
    </crafting>
  </recipe>

  <recipe name="Farming Station" required="true">
    <crafting>
      <grid size="3x3">
        <item name="ELECTRICAL_STEEL" /><item name="minecraft:diamond_hoe" /><item name="ELECTRICAL_STEEL" />
        <item name="ELECTRICAL_STEEL" /><item name="CHASSIS" /><item name="ELECTRICAL_STEEL" />
        <item name="PULSATING_CRYSTAL" /><item name="ZOMBIE_CONTROLLER" /><item name="PULSATING_CRYSTAL" />
      </grid>
      <output name="enderio:blockFarmStation" />
    </crafting>
  </recipe>

  <recipe name="Transceiver" required="true">
    <crafting>
      <level maxlevel="1" />
      <grid size="3x3">
        <item name="oredict:obsidian" /><item name="pearlEnderEye" /><item name="oredict:obsidian" />
        <item name="ENERGETIC_ALLOY" /><item name="gemDiamond" /><item name="ENERGETIC_ALLOY" />
        <item name="oredict:obsidian" /><item name="CAPACITOR3" /><item name="oredict:obsidian" />
      </grid>
      <output name="enderio:blockTransceiver" />
    </crafting>
    <crafting>
      <level minlevel="2" />
      <grid size="3x3">
        <item name="ELECTRICAL_STEEL" /><item name="ENDER_RESONATOR" /><item name="ELECTRICAL_STEEL" />
        <item name="FUSED_QUARTZ" /><item name="ENDER_CRYSTAL" /><item name="FUSED_QUARTZ" />
        <item name="ELECTRICAL_STEEL" /><item name="CAPACITOR3" /><item name="ELECTRICAL_STEEL" />
      </grid>
      <output name="enderio:blockTransceiver" />
    </crafting>
  </recipe>

  <recipe name="Solar Panel 1" required="true">
    <crafting>
      <level maxlevel="1" />
      <grid size="3x3">
        <item name="ENERGETIC_ALLOY" /><item name="blockGlassHardened" /><item name="ENERGETIC_ALLOY" />
        <item name="SILICON" /><item name="blockGlassHardened" /><item name="SILICON" />
        <item name="ELECTRICAL_STEEL" /><item name="minecraft:daylight_detector" /><item name="ELECTRICAL_STEEL" />
      </grid>
      <output name="SOLAR_1" />
    </crafting>
    <crafting>
      <level minlevel="2" />
      <grid size="3x3">
        <item name="ENERGETIC_ALLOY" /><item name="blockGlassHardened" /><item name="ENERGETIC_ALLOY" />
        <item name="VIBRANT_ALLOY" /><item name="blockGlassHardened" /><item name="VIBRANT_ALLOY" />
        <item name="CAPACITOR1" /><item name="minecraft:daylight_detector" /><item name="CAPACITOR1" />
      </grid>
      <output name="SOLAR_1" />
    </crafting>
  </recipe>

  <recipe name="Solar Panel 2" required="true">
    <crafting>
      <level maxlevel="1" />
      <grid size="3x3">
        <item name="VIBRANT_ALLOY" /><item name="ENLIGHTED_QUARTZ" /><item name="VIBRANT_ALLOY" />
        <item name="VIBRANT_CRYSTAL" /><item name="ENLIGHTED_QUARTZ" /><item name="VIBRANT_CRYSTAL" />
        <item name="PULSATING_IRON" /><item name="minecraft:daylight_detector" /><item name="PULSATING_IRON" />
      </grid>
      <output name="SOLAR_2" />
    </crafting>
    <crafting>
      <level minlevel="2" />
      <grid size="3x3">
        <item name="PULSATING_IRON" /><item name="ENLIGHTED_QUARTZ" /><item name="PULSATING_IRON" />
        <item name="VIBRANT_ALLOY" /><item name="ENLIGHTED_QUARTZ" /><item name="VIBRANT_ALLOY" />
        <item name="CAPACITOR2" /><item name="minecraft:daylight_detector" /><item name="CAPACITOR2" />
      </grid>
      <output name="SOLAR_2" />
    </crafting>
  </recipe>

  <recipe name="Solar Panel 3" required="true">
    <crafting>
      <level maxlevel="1" />
      <grid size="3x3">
        <item name="DARK_QUARTZ" /><item name="DARK_QUARTZ" /><item name="DARK_QUARTZ" />
        <item name="SOULARIUM" /><item name="DARK_QUARTZ" /><item name="SOULARIUM" />
        <item name="SOLAR_2" /><item name="SOLAR_2" /><item name="SOLAR_2" />
      </grid>
      <output name="SOLAR_3" />
    </crafting>
    <crafting>
      <level minlevel="2" />
      <grid size="3x3">
        <item name="SOULARIUM" /><item name="DARK_QUARTZ" /><item name="SOULARIUM" />
        <item name="CAPACITOR3" /><item name="ENDER_CRYSTAL" /><item name="CAPACITOR3" />
        <item name="SOLAR_2" /><item name="SOLAR_2" /><item name="SOLAR_2" />
      </grid>
      <output name="SOLAR_3" />
    </crafting>
  </recipe>

  <recipe name="Energy Monitor" required="true">
    <crafting>
      <grid size="3x3">
        <item name="ELECTRICAL_STEEL" /><item name="CONDUIT_PROBE" /><item name="ELECTRICAL_STEEL" />
        <item name="ELECTRICAL_STEEL" /><item name="CHASSIS" /><item name="ELECTRICAL_STEEL" />
        <item name="ELECTRICAL_STEEL" /><item name="enderio:itemPowerConduit:0" /><item name="ELECTRICAL_STEEL" />
      </grid>
      <output name="enderio:blockPowerMonitor" />
    </crafting>
  </recipe>

  <recipe name="Energy Monitor 2" required="true">
    <crafting>
      <grid size="3x3">
        <item name="minecraft:wool:15" /><item name="minecraft:wool:15" /><item name="minecraft:wool:15" />
        <item name="minecraft:wool:15" /><item name="enderio:blockPowerMonitor" /><item name="minecraft:wool:15" />
        <item name="dyeRed" /><item name="dyeYellow" /><item name="dyeGreen" />
      </grid>
      <output name="enderio:blockPowerMonitorv2" />
    </crafting>
  </recipe>

  <recipe name="Enchanter" required="true">
    <crafting>
      <level maxlevel="2" />
      <grid size="3x3">
        <item name="gemDiamond" /><item name="minecraft:book" /><item name="gemDiamond" />
        <item name="DARK_STEEL" /><item name="DARK_STEEL" /><item name="DARK_STEEL" />
        <item /><item name="DARK_STEEL" /><item />
      </grid>
      <output name="enderio:blockEnchanter" />
    </crafting>
    <crafting>
      <level minlevel="3" />
      <grid size="3x3">
        <item name="blockDiamond" /><item name="minecraft:bookshelf" /><item name="blockDiamond" />
        <item name="blockDarkSteel" /><item name="blockDarkSteel" /><item name="blockDarkSteel" />
        <item name="" /><item name="DARK_STEEL" /><item name="" />
      </grid>
      <output name="enderio:blockEnchanter" />
    </crafting>
  </recipe>

  <recipe name="Vacuum Chest" required="true">
    <crafting>
      <grid size="3x3">
        <item name="ingotIron" /><item name="ingotIron" /><item name="ingotIron" />
        <item name="ingotIron" /><item name="chestWood" /><item name="ingotIron" />
        <item name="ingotIron" /><item name="PULSATING_CRYSTAL" /><item name="ingotIron" />
      </grid>
      <output name="enderio:blockVacuumChest" />
    </crafting>
  </recipe>

  <recipe name="XP Vacuum" required="true">
    <crafting>
      <grid size="3x3">
        <item name="ingotIron" /><item name="ingotIron" /><item name="ingotIron" />
        <item name="ingotIron" /><item name="enderio:itemXpTransfer" /><item name="ingotIron" />
        <item name="ingotIron" /><item name="PULSATING_CRYSTAL" /><item name="ingotIron" />
      </grid>
      <output name="enderio:blockXPVacuum" />
    </crafting>
  </recipe>

  <recipe name="Soul Binder" required="true">
    <crafting>
      <level maxlevel="1" />
      <grid size="3x3">
        <item name="SOULARIUM" /><item name="PULSATING_CRYSTAL" /><item name="SOULARIUM" />
        <item name="HEAD_ZOMBIE" /><item name="CHASSIS" /><item name="HEAD_CREEPER" />
        <item name="SOULARIUM" /><item name="HEAD_SKELETON" /><item name="SOULARIUM" />
      </grid>
      <output name="enderio:blockSoulBinder" />
    </crafting>
    <crafting>
      <level minlevel="2" />
      <grid size="3x3">
        <item name="SOULARIUM" /><item name="HEAD_ENDERMAN" /><item name="SOULARIUM" />
        <item name="HEAD_ZOMBIE" /><item name="CHASSIS" /><item name="HEAD_CREEPER" />
        <item name="SOULARIUM" /><item name="HEAD_SKELETON" /><item name="SOULARIUM" />
      </grid>
      <output name="enderio:blockSoulBinder" />
    </crafting>
  </recipe>

  <recipe name="Attractor Obelisk" required="true">
    <crafting>
      <grid size="3x3">
        <item /><item name="ATTRACTOR_CRYSTAL" /><item />
        <item name="ENERGETIC_ALLOY" /><item name="SOULARIUM" /><item name="ENERGETIC_ALLOY" />
        <item name="SOULARIUM" /><item name="CHASSIS" /><item name="SOULARIUM" />
      </grid>
      <output name="enderio:blockAttractor" />
    </crafting>
  </recipe>

  <recipe name="Aversion Obelisk" required="true">
    <crafting>
      <grid size="3x3">
        <item /><item name="HEAD_ENDERMAN_TORMENTED" /><item />
        <item name="ENERGETIC_ALLOY" /><item name="SOULARIUM" /><item name="ENERGETIC_ALLOY" />
        <item name="SOULARIUM" /><item name="CHASSIS" /><item name="SOULARIUM" />
      </grid>
      <output name="enderio:blockSpawnGuard" />
    </crafting>
  </recipe>

  <recipe name="Relocator Obelisk" required="true">
    <crafting>
      <level maxlevel="1" />
      <grid size="1x2">
        <item name="blockPrismarine" />
        <item name="enderio:blockSpawnGuard" />
      </grid>
      <output name="enderio:blockSpawnRelocator" />
    </crafting>
    <crafting>
      <level minlevel="2" />
      <grid size="3x3">
        <item /><item name="blockPrismarine" /><item />
        <item name="blockPrismarine" /><item name="enderio:blockSpawnGuard" /><item name="blockPrismarine" />
        <item /><item name="blockPrismarine" /><item />
      </grid>
      <output name="enderio:blockSpawnRelocator" />
    </crafting>
  </recipe>

  <recipe name="Inhibitor Obelisk" required="true">
    <crafting>
      <grid size="3x3">
        <item /><item name="ENDER_CRYSTAL" /><item />
        <item /><item name="SOULARIUM" /><item />
        <item name="SOULARIUM" /><item name="CHASSIS" /><item name="SOULARIUM" />
      </grid>
      <output name="enderio:blockInhibitorObelisk" />
    </crafting>
  </recipe>

  <recipe name="Experience Obelisk" required="true">
    <crafting>
      <grid size="3x3">
        <item /><item name="enderio:itemXpTransfer" /><item />
        <item /><item name="SOULARIUM" /><item />
        <item name="SOULARIUM" /><item name="CHASSIS" /><item name="SOULARIUM" />
      </grid>
      <output name="enderio:blockExperienceObelisk" />
    </crafting>
  </recipe>

  <recipe name="Weather Obelisk" required="true">
    <crafting>
      <grid size="3x3">
        <item /><item name="WEATHER_CRYSTAL" /><item />
        <item name="ENERGETIC_ALLOY" /><item name="SOULARIUM" /><item name="ENERGETIC_ALLOY" />
        <item name="SOULARIUM" /><item name="CAP_BANK_1" /><item name="SOULARIUM" />
      </grid>
      <output name="enderio:blockWeatherObelisk" />
    </crafting>
  </recipe>

  <recipe name="RF Gauge" required="true">
    <crafting>
      <level maxlevel="0" />
      <grid size="3x3">
        <item name="ingotIron" /><item /><item name="ingotIron" />
        <item name="ingotIron" /><item name="enderio:itemConduitProbe:0" /><item name="ingotIron" />
        <item name="ingotIron" /><item /><item name="ingotIron" />
      </grid>
      <output name="enderio:blockGauge" amount="2" />
    </crafting>
    <crafting>
      <level minlevel="1" maxlevel="1" />
      <grid size="3x3">
        <item name="ingotIron" /><item /><item name="ingotIron" />
        <item name="ingotIron" /><item name="enderio:itemConduitProbe:0" /><item name="ingotIron" />
        <item name="ingotIron" /><item /><item name="ingotIron" />
      </grid>
      <output name="enderio:blockGauge" />
    </crafting>
    <crafting>
      <level minlevel="2" maxlevel="2" />
      <grid size="3x3">
        <item name="ingotIron" /><item /><item name="ingotIron" />
        <item name="ELECTRICAL_STEEL" /><item name="enderio:itemConduitProbe:0" /><item name="ELECTRICAL_STEEL" />
        <item name="ingotIron" /><item /><item name="ingotIron" />
      </grid>
      <output name="enderio:blockGauge" />
    </crafting>
    <crafting>
      <level minlevel="3" />
      <grid size="3x3">
        <item name="ingotIron" /><item /><item name="ingotIron" />
        <item name="ELECTRICAL_STEEL" /><item name="enderio:itemConduitProbe:0" /><item name="ELECTRICAL_STEEL" />
        <item name="ingotIron" /><item name="CHASSIS" /><item name="ingotIron" />
      </grid>
      <output name="enderio:blockGauge" />
    </crafting>
  </recipe>

  <recipe name="Light, basic" required="true">
    <crafting>
      <grid size="3x2">
        <item name="blockGlass" /><item name="blockGlass" /><item name="blockGlass" />
        <item name="ingotIron" /><item name="oredict:glowstone" /><item name="ingotIron" />
      </grid>
      <output name="LIGHT_BASIC" />
    </crafting>
  </recipe>

  <recipe name="Light, basic (un-invert)" required="true">
    <crafting>
      <shapeless>
        <item name="LIGHT_BASIC_INV" />
        <item name="minecraft:redstone_torch" />
      </shapeless>
      <output name="LIGHT_BASIC" />
    </crafting>
  </recipe>

  <recipe name="Light, basic, inverted (invert)" required="true">
    <crafting>
      <shapeless>
        <item name="LIGHT_BASIC" />
        <item name="minecraft:redstone_torch" />
      </shapeless>
      <output name="LIGHT_BASIC_INV" />
    </crafting>
  </recipe>

  <recipe name="Light, electric" required="true">
    <crafting>
      <level maxlevel="1" />
      <grid size="3x3">
        <item name="blockGlass" /><item name="blockGlass" /><item name="blockGlass" />
        <item name="SILICON" /><item name="dustGlowstone" /><item name="SILICON" />
        <item name="SILICON" /><item name="CAPACITOR1" /><item name="SILICON" />
      </grid>
      <output name="LIGHT_ELECTRIC" />
    </crafting>
    <crafting>
      <level minlevel="2" />
      <grid size="3x3">
        <item name="FUSED_QUARTZ" /><item name="FUSED_QUARTZ" /><item name="FUSED_QUARTZ" />
        <item name="SILICON" /><item name="dustGlowstone" /><item name="SILICON" />
        <item name="SILICON" /><item name="CAPACITOR1" /><item name="SILICON" />
      </grid>
      <output name="LIGHT_ELECTRIC" />
    </crafting>
  </recipe>

  <recipe name="Light, electric (un-invert)" required="true">
    <crafting>
      <shapeless>
        <item name="LIGHT_ELECTRIC_INV" />
        <item name="minecraft:redstone_torch" />
      </shapeless>
      <output name="LIGHT_ELECTRIC" />
    </crafting>
  </recipe>

  <recipe name="Light, electric inverted (invert)" required="true">
    <crafting>
      <shapeless>
        <item name="LIGHT_ELECTRIC" />
        <item name="minecraft:redstone_torch" />
      </shapeless>
      <output name="LIGHT_ELECTRIC_INV" />
    </crafting>
  </recipe>

  <recipe name="Light, wireless (upgrade)" required="true">
    <crafting>
      <shapeless>
        <item name="LIGHT_ELECTRIC" />
        <item name="ENDER_RESONATOR" />
      </shapeless>
      <output name="LIGHT_WIRELESS" />
    </crafting>
  </recipe>

  <recipe name="Light, wireless (un-invert)" required="true">
    <crafting>
      <shapeless>
        <item name="LIGHT_WIRELESS_INV" />
        <item name="minecraft:redstone_torch" />
      </shapeless>
      <output name="LIGHT_WIRELESS" />
    </crafting>
  </recipe>

  <recipe name="Light, wireless, inverted (upgrade)" required="true">
    <crafting>
      <shapeless>
        <item name="LIGHT_ELECTRIC_INV" />
        <item name="ENDER_RESONATOR" />
      </shapeless>
      <output name="LIGHT_WIRELESS_INV" />
    </crafting>
  </recipe>

  <recipe name="Light, wireless, inverted (invert)" required="true">
    <crafting>
      <shapeless>
        <item name="LIGHT_WIRELESS" />
        <item name="minecraft:redstone_torch" />
      </shapeless>
      <output name="LIGHT_WIRELESS_INV" />
    </crafting>
  </recipe>

  <recipe name="Slice'N'Splice" required="true">
    <crafting>
      <grid size="3x3">
        <item name="SOULARIUM" /><item name="itemSkull" /><item name="SOULARIUM" />
        <item name="minecraft:iron_axe" /><item name="CHASSIS" /><item name="minecraft:shears" />
        <item name="SOULARIUM" /><item name="SOULARIUM" /><item name="SOULARIUM" />
      </grid>
      <output name="enderio:blockSliceAndSplice" />
    </crafting>
  </recipe>

  <recipe name="Slice'N'Splice, mirrored" required="true">
    <crafting>
      <grid size="3x3">
        <item name="SOULARIUM" /><item name="itemSkull" /><item name="SOULARIUM" />
        <item name="minecraft:shears" /><item name="CHASSIS" /><item name="minecraft:iron_axe" />
        <item name="SOULARIUM" /><item name="SOULARIUM" /><item name="SOULARIUM" />
      </grid>
      <output name="enderio:blockSliceAndSplice" />
    </crafting>
  </recipe>

  <recipe name="Item Buffer" required="true">
    <crafting>
      <grid size="3x3">
        <item name="ingotIron" /><item name="ELECTRICAL_STEEL" /><item name="ingotIron" />
        <item name="ELECTRICAL_STEEL" /><item name="chestWood" /><item name="ELECTRICAL_STEEL" />
        <item name="ingotIron" /><item name="ELECTRICAL_STEEL" /><item name="ingotIron" />
      </grid>
      <output name="enderio:blockBuffer:0" />
    </crafting>
  </recipe>

  <recipe name="Power Buffer" required="true">
    <crafting>
      <grid size="3x3">
        <item name="ingotIron" /><item name="ELECTRICAL_STEEL" /><item name="ingotIron" />
        <item name="ELECTRICAL_STEEL" /><item name="CHASSIS" /><item name="ELECTRICAL_STEEL" />
        <item name="ingotIron" /><item name="ELECTRICAL_STEEL" /><item name="ingotIron" />
      </grid>
      <output name="enderio:blockBuffer:1" />
    </crafting>
  </recipe>

  <recipe name="Omni Buffer" required="true">
    <crafting>
      <shapeless>
        <item name="enderio:blockBuffer:0" />
        <item name="enderio:blockBuffer:1" />
      </shapeless>
      <output name="enderio:blockBuffer:2" />
    </crafting>
  </recipe>

  <recipe name="Inventory Panel" required="true">
    <crafting>
      <grid size="3x3">
        <item name="DARK_STEEL" /><item name="enderio:itemFunctionUpgrade:0" /><item name="DARK_STEEL" />
        <item name="PULSATING_CRYSTAL" /><item name="SENTIENT_ENDER" /><item name="PULSATING_CRYSTAL" />
        <item name="DARK_STEEL" /><item name="enderio:blockTank:0" /><item name="DARK_STEEL" />
      </grid>
      <output name="enderio:blockInventoryPanel" />
    </crafting>
  </recipe>

  <recipe name="Inventory Panel Sensor" required="true">
    <crafting>
      <grid size="3x3">
        <item name="ELECTRICAL_STEEL" /><item name="enderio:itemFunctionUpgrade:0" /><item name="ELECTRICAL_STEEL" />
        <item name="REDSTONE_ALLOY" /><item name="CHASSIS" /><item name="REDSTONE_ALLOY" />
        <item name="ELECTRICAL_STEEL" /><item name="item:minecraft:comparator"/><item name="ELECTRICAL_STEEL" />
      </grid>
      <output name="enderio:blockInventoryPanelSensor" />
    </crafting>
  </recipe>

  <recipe name="Travel Anchor" required="true">
    <crafting>
      <grid size="3x3">
        <item name="ingotIron" /><item name="CONDUIT_BINDER" /><item name="ingotIron" />
        <item name="CONDUIT_BINDER" /><item name="PULSATING_CRYSTAL" /><item name="CONDUIT_BINDER" />
        <item name="ingotIron" /><item name="CONDUIT_BINDER" /><item name="ingotIron" />
      </grid>
      <output name="enderio:blockTravelAnchor" />
    </crafting>
  </recipe>

  <recipe name="TelePad" required="true" disabled="false">
    <crafting>
      <grid size="3x3">
        <item name="FUSED_QUARTZ" /><item name="ENDER_CRYSTAL" /><item name="FUSED_QUARTZ" />
        <item name="DARK_STEEL" /><item name="enderio:blockTravelAnchor" /><item name="DARK_STEEL" />
        <item name="DARK_STEEL" /><item name="CAPACITOR3" /><item name="DARK_STEEL" />
      </grid>
      <output name="enderio:blockTelePad" />
    </crafting>
  </recipe>
  
  <recipe name="DialingDevice" required="true" disabled="false">
    <crafting>
      <grid size="3x3">
        <item/><item name="ELECTRICAL_STEEL" /><item/>
        <item/><item name="ENDER_RESONATOR" /><item/>
        <item name="DARK_STEEL" /><item name="CAPACITOR3" /><item name="DARK_STEEL" />
      </grid>
      <output name="enderio:blockDialingDevice" />
    </crafting>
  </recipe>

  <recipe name="Painted Pressure Plate, Dark Steel" required="true">
    <crafting>
      <grid size="2x1">
        <item name="DARK_STEEL" /><item name="DARK_STEEL" />
      </grid>
      <output name="PPP_DARK_STEEL" />
    </crafting>
  </recipe>

  <recipe name="Painted Pressure Plate, Soularium" required="true">
    <crafting>
      <grid size="2x1">
        <item name="SOULARIUM" /><item name="SOULARIUM" />
      </grid>
      <output name="PPP_SOULARIUM" />
    </crafting>
  </recipe>

  <recipe name="Painted Pressure Plate, Wood, Silent" required="true">
    <crafting>
      <grid size="1x2">
        <item name="minecraft:wooden_pressure_plate" />
        <item name="minecraft:wool" />
      </grid>
      <output name="PPP_WOOD_SILENT" />
    </crafting>
  </recipe>

  <recipe name="Painted Pressure Plate, Stone, Silent" required="true">
    <crafting>
      <grid size="1x2">
        <item name="minecraft:stone_pressure_plate" />
        <item name="minecraft:wool" />
      </grid>
      <output name="PPP_STONE_SILENT" />
    </crafting>
  </recipe>

  <recipe name="Painted Pressure Plate, Iron Silent" required="true">
    <crafting>
      <grid size="1x2">
        <item name="minecraft:heavy_weighted_pressure_plate" />
        <item name="minecraft:wool" />
      </grid>
      <output name="PPP_IRON_SILENT" />
    </crafting>
  </recipe>

  <recipe name="Painted Pressure Plate, Gold Silent" required="true">
    <crafting>
      <grid size="1x2">
        <item name="minecraft:light_weighted_pressure_plate" />
        <item name="minecraft:wool" />
      </grid>
      <output name="PPP_GOLD_SILENT" />
    </crafting>
  </recipe>

  <recipe name="Painted Pressure Plate, Wood, Silent, Upgrade" required="true">
    <crafting upgrade="true">
      <grid size="1x2">
        <item name="PPP_WOOD" />
        <item name="minecraft:wool" />
      </grid>
      <output name="PPP_WOOD_SILENT" />
    </crafting>
  </recipe>

  <recipe name="Painted Pressure Plate, Stone, Silent, Upgrade" required="true">
    <crafting upgrade="true">
      <grid size="1x2">
        <item name="PPP_STONE" />
        <item name="minecraft:wool" />
      </grid>
      <output name="PPP_STONE_SILENT" />
    </crafting>
  </recipe>

  <recipe name="Painted Pressure Plate, Iron Silent, Upgrade" required="true">
    <crafting upgrade="true">
      <grid size="1x2">
        <item name="PPP_IRON" />
        <item name="minecraft:wool" />
      </grid>
      <output name="PPP_IRON_SILENT" />
    </crafting>
  </recipe>

  <recipe name="Painted Pressure Plate, Gold Silent, Upgrade" required="true">
    <crafting upgrade="true">
      <grid size="1x2">
        <item name="PPP_GOLD" />
        <item name="minecraft:wool" />
      </grid>
      <output name="PPP_GOLD_SILENT" />
    </crafting>
  </recipe>

  <recipe name="Painted Pressure Plate, Dark Steel Silent, Upgrade" required="true">
    <crafting upgrade="true">
      <grid size="1x2">
        <item name="PPP_DARK_STEEL" />
        <item name="minecraft:wool" />
      </grid>
      <output name="PPP_DARK_STEEL_SILENT" />
    </crafting>
  </recipe>

  <recipe name="Painted Pressure Plate, Soularium Silent, Upgrade" required="true">
    <crafting upgrade="true">
      <grid size="1x2">
        <item name="PPP_SOULARIUM" />
        <item name="minecraft:wool" />
      </grid>
      <output name="PPP_SOULARIUM_SILENT" />
    </crafting>
  </recipe>

  <recipe name="Painted Pressure Plate, Tuned Silent, Upgrade" required="true">
    <crafting upgrade="true">
      <grid size="1x2">
        <item name="PPP_TUNED" />
        <item name="minecraft:wool" />
      </grid>
      <output name="PPP_TUNED_SILENT" />
    </crafting>
  </recipe>

  <recipe name="Exit Rail" required="true">
    <crafting>
      <grid size="3x3">
        <item name="ingotIron" /><item name="minecraft:piston" /><item name="ingotIron" />
        <item name="ingotIron" /><item name="minecraft:stone_pressure_plate" /><item name="ingotIron" />
        <item name="ingotIron" /><item name="dustRedstone" /><item name="ingotIron" />
      </grid>
      <output name="enderio:blockExitRail" amount="6" />
    </crafting>
  </recipe>

  <recipe name="Inventory Chest 1" required="true">
    <crafting upgrade="true">
      <grid size="3x3">
        <item name="itemChassiParts" /><item name="enderio:itemFunctionUpgrade:0" /><item name="itemChassiParts" />
        <item name="chestWood" /><item name="CHASSIS" /><item name="chestWood" />
        <item name="enderio:blockDarkIronBars" /><item name="chestWood" /><item name="enderio:blockDarkIronBars" />
      </grid>
      <output name="enderio:blockInventoryChest:0" />
    </crafting>
  </recipe>

  <recipe name="Inventory Chest 2" required="true">
    <crafting upgrade="true">
      <grid size="3x3">
        <item /><item name="enderio:blockDarkIronBars" /><item />
        <item name="itemChassiParts" /><item name="chestWood" /><item name="itemChassiParts" />
        <item /><item name="enderio:blockInventoryChest:0" /><item />
      </grid>
      <output name="enderio:blockInventoryChest:1" />
    </crafting>
  </recipe>

  <recipe name="Inventory Chest 3" required="true">
    <crafting upgrade="true">
      <grid size="3x3">
        <item /><item name="enderio:blockDarkIronBars" /><item />
        <item name="itemChassiParts" /><item name="chestWood" /><item name="itemChassiParts" />
        <item /><item name="enderio:blockInventoryChest:1" /><item />
      </grid>
      <output name="enderio:blockInventoryChest:2" />
    </crafting>
  </recipe>

  <recipe name="Inventory Chest 4" required="true">
    <crafting upgrade="true">
      <grid size="3x3">
        <item /><item name="enderio:blockDarkIronBars" /><item />
        <item name="itemChassiParts" /><item name="chestWood" /><item name="itemChassiParts" />
        <item /><item name="enderio:blockInventoryChest:2" /><item />
      </grid>
      <output name="enderio:blockInventoryChest:3" />
    </crafting>
  </recipe>

  <recipe name="Inventory Chest 5" required="true">
    <crafting upgrade="true">
      <grid size="3x3">
        <item /><item name="enderio:blockDarkIronBars" /><item />
        <item name="itemChassiParts" /><item name="chestWood" /><item name="itemChassiParts" />
        <item /><item name="enderio:blockInventoryChest:3" /><item />
      </grid>
      <output name="enderio:blockInventoryChest:4" />
    </crafting>
  </recipe>

  <recipe name="Inventory Chest 6" required="true">
    <crafting upgrade="true">
      <grid size="3x3">
        <item /><item name="enderio:blockDarkIronBars" /><item />
        <item name="itemChassiParts" /><item name="chestWood" /><item name="itemChassiParts" />
        <item /><item name="enderio:blockInventoryChest:4" /><item />
      </grid>
      <output name="enderio:blockInventoryChest:5" />
    </crafting>
  </recipe>

  <recipe name="Inventory Chest 7" required="true">
    <crafting upgrade="true">
      <grid size="3x3">
        <item /><item name="enderio:blockDarkIronBars" /><item />
        <item name="itemChassiParts" /><item name="chestWood" /><item name="itemChassiParts" />
        <item /><item name="enderio:blockInventoryChest:5" /><item />
      </grid>
      <output name="enderio:blockInventoryChest:6" />
    </crafting>
  </recipe>

  <recipe name="Inventory Chest 8" required="true">
    <crafting upgrade="true">
      <grid size="3x3">
        <item /><item name="enderio:blockDarkIronBars" /><item />
        <item name="itemChassiParts" /><item name="chestWood" /><item name="itemChassiParts" />
        <item /><item name="enderio:blockInventoryChest:6" /><item />
      </grid>
      <output name="enderio:blockInventoryChest:7" />
    </crafting>
  </recipe>

  <recipe name="Inventory Chest 9" required="true">
    <crafting upgrade="true">
      <grid size="3x3">
        <item /><item name="enderio:blockDarkIronBars" /><item />
        <item name="itemChassiParts" /><item name="chestWood" /><item name="itemChassiParts" />
        <item /><item name="enderio:blockInventoryChest:7" /><item />
      </grid>
      <output name="enderio:blockInventoryChest:8" />
    </crafting>
  </recipe>

  <recipe name="Detector Block" required="true">
    <crafting>
      <grid size="3x3">
        <item name="itemChassiParts" /><item name="PPP_DARK_STEEL" /><item name="itemChassiParts" />
        <item name="itemChassiParts" /><item name="piston" /><item name="itemChassiParts" />
        <item name="itemChassiParts" /><item name="redstone_block" /><item name="itemChassiParts" />
      </grid>
      <output name="enderio:block_detector_block" />
    </crafting>
  </recipe>

  <recipe name="Detector Block, Silent" required="true">
    <crafting>
      <grid size="3x3">
        <item name="itemChassiParts" /><item name="PPP_DARK_STEEL_SILENT" /><item name="itemChassiParts" />
        <item name="itemChassiParts" /><item name="piston" /><item name="itemChassiParts" />
        <item name="itemChassiParts" /><item name="redstone_block" /><item name="itemChassiParts" />
      </grid>
      <output name="enderio:block_detector_block_silent" />
    </crafting>
  </recipe>

  <recipe name="Detector Block, Silent, Upgrade" required="true">
    <crafting upgrade="true">
      <grid size="1x2">
        <item name="enderio:block_detector_block" />
        <item name="minecraft:wool" />
      </grid>
      <output name="enderio:block_detector_block_silent" />
    </crafting>
  </recipe>

</enderio:recipes>