{
    "certusquartz": {
        "template": "uniform",
        "block": [
            {
                "name": "appliedenergistics2:tile.OreQuartz",
                "metadata": 0,
                "weight": 92
            },
            {
                "name": "appliedenergistics2:tile.OreQuartzCharged",
                "metadata": 0,
                "weight": 8
            }
        ],
        "clusterSize": 8,
        "numClusters": 4,
        "minHeight": 36,
        "maxHeight": 54,
        "retrogen": "true",
        "biomeRestriction": "none",
        "biomes": [],
        "dimensionRestriction": "blacklist",
        "dimensions": [
            -1,
            1
        ]
    }
}