{
	"classes": {
		"Warrior": {
			"relativeIndex": 0,
			"displayColor": "FF3333",
			"description": "@class.warrior.desc",
			"healthPerFortitude": 12,
			"startingItems": [
				"268",
				"270",
				"269",
				"345",
				"320:20"
			],
			"startingSpells": [
				"warrior_leap",
				"warrior_taunt",
				"warrior_leash",
				"warrior_charge",
				"warrior_whirlwind",
				"warrior_shockwave"
			]
		},
		"Mage": {
			"relativeIndex": 1,
			"displayColor": "EE55FF",
			"description": "@class.mage.desc",
			"healthPerFortitude": 7,
			"startingItems": [
				"4396",
				"270",
				"269",
				"345",
				"320:20"
			],
			"startingSpells": [
				"mage_teleport",
				"mage_firebolt",
				"mage_chargedBolt",
				"mage_lightning",
				"mage_gust",
				"mage_blockLeash",
				"mage_fireBreath",
				"mage_launch"
			]
		},
		"Ranger": {
			"relativeIndex": 2,
			"displayColor": "33FF33",
			"description": "@class.ranger.desc",
			"healthPerFortitude": 10,
			"startingItems": [
				"261",
				"262:64",
				"270",
				"269",
				"345",
				"320:20"
			],
			"startingSpells": [
				"ranger_leap",
				"ranger_multishot",
				"ranger_explodingShot",
				"ranger_lightningShot",
				"ranger_torchShot",
				"ranger_trapWind",
				"ranger_haste"
			],
			"comment_climbableBlocks": [
				"1 stone",
				"2 grass",
				"3 dirt",
				"7 bedrock",
				"9 ice",
				"12 sand",
				"13 gravel",
				"17 log",
				"18 leaves",
				"82 clay",
				"87 netherrack",
				"99 giantBrownMushroom",
				"100 giantRedMushroom",
				"110 mycelium"
			],
			"climbableBlocks": [1, 2, 3, 7, 9, 12, 13, 17, 18, 82, 87, 99, 100, 110]
		}
	},
	"spells": {
		"warrior_leap": {
			"displayName": "@spell.warrior.leap.name",
			"description": "@spell.warrior.leap.desc",
			"effectScript": "@spell_leap.ss",
			"textureID": 1,
			"manaCost": 7,
			"coolDown": 15
		},
		"warrior_taunt": {
			"displayName": "@spell.warrior.taunt.name",
			"description": "@spell.warrior.taunt.desc",
			"effectScript": "@spell_taunt.ss",
			"textureID": 0,
			"manaCost": 5,
			"coolDown": 50
		},
		"warrior_leash": {
			"displayName": "@spell.warrior.leash.name",
			"description": "@spell.warrior.leash.desc",
			"effectScript": "@spell_leash.ss",
			"textureID": 6,
			"manaCost": 5,
			"coolDown": 15
		},
		"warrior_charge": {
			"displayName": "@spell.warrior.charge.name",
			"description": "@spell.warrior.charge.desc",
			"effectScript": "@spell_charge.ss",
			"textureID": 3,
			"manaCost": 5,
			"coolDown": 30
		},
		"warrior_whirlwind": {
			"displayName": "@spell.warrior.whirlwind.name",
			"description": "@spell.warrior.whirlwind.desc",
			"effectScript": "@spell_whirlwind.ss",
			"textureID": 21,
			"manaCost": 8,
			"coolDown": 30
		},
		"warrior_shockwave": {
			"displayName": "@spell.warrior.shockwave.name",
			"description": "@spell.warrior.shockwave.desc",
			"effectScript": "@spell_shockwave.ss",
			"textureID": 2,
			"manaCost": 6,
			"coolDown": 1
		},

		"mage_teleport": {
			"displayName": "@spell.mage.teleport.name",
			"description": "@spell.mage.teleport.desc",
			"effectScript": "@spell_teleport.ss",
			"textureID": 4,
			"manaCost": 10,
			"coolDown": 20
		},
		"mage_firebolt": {
			"displayName": "@spell.mage.firebolt.name",
			"description": "@spell.mage.firebolt.desc",
			"effectScript": "@spell_firebolt.ss",
			"textureID": 19,
			"manaCost": 2,
			"manaCostPerStat": 0.2,
			"stat": "intelligence",
			"coolDown": 10
		},
		"mage_chargedBolt": {
			"displayName": "@spell.mage.chargedBolt.name",
			"description": "@spell.mage.chargedBolt.desc",
			"effectScript": "@spell_chargedbolt.ss",
			"textureID": 21,
			"manaCost": 1,
			"manaCostPerStat": 0.3,
			"stat": "intelligence",
			"coolDown": 10
		},
		"mage_lightning": {
			"displayName": "@spell.mage.lightning.name",
			"description": "@spell.mage.lightning.desc",
			"effectScript": "@spell_lightning.ss",
			"textureID": 18,
			"manaCost": 20,
			"coolDown": 40
		},
		"mage_gust": {
			"displayName": "@spell.mage.gust.name",
			"description": "@spell.mage.gust.desc",
			"effectScript": "@spell_gust.ss",
			"textureID": 2,
			"manaCost": 7,
			"coolDown": 100
		},
		"mage_blockLeash": {
			"displayName": "@spell.mage.blockLeash.name",
			"description": "@spell.mage.blockLeash.desc",
			"effectScript": "@spell_blockLeash.ss",
			"textureID": 2,
			"manaCost": 6,
			"coolDown": 1
		},
		"mage_fireBreath": {
			"displayName": "@spell.mage.fireBreath.name",
			"description": "@spell.mage.fireBreath.desc",
			"activeScript": "@spell_firebreath.ss",
			"textureID": 19,
			"activeManaCost": 0.1
		},
		"mage_launch": {
			"description": "@spell.mage.launch.desc",
			"effectScript": "@spell_launch.ss",
			"textureID": 1,
			"manaCost": 10,
			"coolDown": 20
		},

		"ranger_leap": {
			"displayName": "@spell.ranger.leap.name",
			"description": "@spell.ranger.leap.desc",
			"effectScript": "@spell_leap.ss",
			"textureID": 1,
			"manaCost": 7,
			"coolDown": 15
		},
		"ranger_multishot": {
			"displayName": "@spell.ranger.multishot.name",
			"description": "@spell.ranger.multishot.desc",
			"effectScript": "@spell_multishot.ss",
			"textureID": 7,
			"coolDown": 20,
			"delayCast": true
		},
		"ranger_explodingShot": {
			"displayName": "@spell.ranger.explodingShot.name",
			"description": "@spell.ranger.explodingShot.desc",
			"effectScript": "@spell_explodingshot.ss",
			"textureID": 5,
			"manaCost": 15,
			"coolDown": 100,
			"delayCast": true
		},
		"ranger_lightningShot": {
			"displayName": "@spell.ranger.lightningShot.name",
			"description": "@spell.ranger.lightningShot.desc",
			"effectScript": "@spell_lightningshot.ss",
			"textureID": 21,
			"manaCost": 15,
			"coolDown": 100,
			"delayCast": true
		},
		"ranger_torchShot": {
			"displayName": "@spell.ranger.torchShot.name",
			"description": "@spell.ranger.torchShot.desc",
			"effectScript": "@spell_torchshot.ss",
			"textureID": 19,
			"coolDown": 5,
			"delayCast": true
		},
		"ranger_trapWind": {
			"displayName": "@spell.ranger.trapWind.name",
			"description": "@spell.ranger.trapWind.desc",
			"effectScript": "@spell_trapwind.ss",
			"textureID": 2,
			"manaCost": 20,
			"coolDown": 5
		},
		"ranger_haste": {
			"displayName": "@spell.ranger.haste.name",
			"description": "@spell.ranger.haste.desc",
			"effectScript": "@spell_haste.ss",
			"textureID": 1,
			"coolDown": 1200
		}
	}
}