{"allBlocks":[{"blockId":159,"blockMeta":0,"blockName":"tile.clayHardenedStained"},{"blockId":159,"blockMeta":1,"blockName":"tile.clayHardenedStained"},{"blockId":159,"blockMeta":2,"blockName":"tile.clayHardenedStained"},{"blockId":159,"blockMeta":3,"blockName":"tile.clayHardenedStained"},{"blockId":159,"blockMeta":4,"blockName":"tile.clayHardenedStained"},{"blockId":159,"blockMeta":5,"blockName":"tile.clayHardenedStained"},{"blockId":159,"blockMeta":6,"blockName":"tile.clayHardenedStained"},{"blockId":159,"blockMeta":7,"blockName":"tile.clayHardenedStained"},{"blockId":159,"blockMeta":8,"blockName":"tile.clayHardenedStained"},{"blockId":159,"blockMeta":9,"blockName":"tile.clayHardenedStained"},{"blockId":159,"blockMeta":10,"blockName":"tile.clayHardenedStained"},{"blockId":159,"blockMeta":11,"blockName":"tile.clayHardenedStained"},{"blockId":159,"blockMeta":12,"blockName":"tile.clayHardenedStained"},{"blockId":159,"blockMeta":13,"blockName":"tile.clayHardenedStained"},{"blockId":159,"blockMeta":14,"blockName":"tile.clayHardenedStained"},{"blockId":159,"blockMeta":15,"blockName":"tile.clayHardenedStained"},{"blockId":160,"blockMeta":0,"blockName":"tile.bop.mud"},{"blockId":160,"blockMeta":1,"blockName":"tile.bop.mud"},{"blockId":161,"blockMeta":0,"blockName":"tile.bop.generic.dried_dirt"},{"blockId":162,"blockMeta":0,"blockName":"tile.bop.redRocks"},{"blockId":162,"blockMeta":1,"blockName":"tile.bop.redRocks"},{"blockId":162,"blockMeta":2,"blockName":"tile.bop.redRocks"},{"blockId":163,"blockMeta":0,"blockName":"tile.bop.ash"},{"blockId":164,"blockMeta":0,"blockName":"tile.bop.generic.ash_stone"},{"blockId":165,"blockMeta":0,"blockName":"tile.bop.generic.hard_ice"},{"blockId":166,"blockMeta":0,"blockName":"tile.bop.originGrass"},{"blockId":167,"blockMeta":0,"blockName":"tile.bop.generic.hard_sand"},{"blockId":168,"blockMeta":0,"blockName":"tile.bop.generic.hard_dirt"},{"blockId":169,"blockMeta":0,"blockName":"tile.bop.holyGrass"},{"blockId":169,"blockMeta":1,"blockName":"tile.bop.holyGrass"},{"blockId":170,"blockMeta":0,"blockName":"tile.hayBlock"},{"blockId":172,"blockMeta":0,"blockName":"tile.clayHardened"},{"blockId":173,"blockMeta":0,"blockName":"tile.blockCoal"},{"blockId":174,"blockMeta":0,"blockName":"tile.bop.flesh"},{"blockId":203,"blockMeta":0,"blockName":"tile.dirttest"},{"blockId":204,"blockMeta":0,"blockName":"tile.Test1"},{"blockId":205,"blockMeta":0,"blockName":"tile.Paleodesert_sand"},{"blockId":206,"blockMeta":0,"blockName":"tile.Paleoplains_dirt"},{"blockId":207,"blockMeta":0,"blockName":"tile.Paleoplains"},{"blockId":208,"blockMeta":0,"blockName":"tile.Paleoforest"},{"blockId":236,"blockMeta":0,"blockName":"tile.oreArmorstone2"},{"blockId":237,"blockMeta":0,"blockName":"tile.fucDirt"},{"blockId":238,"blockMeta":0,"blockName":"tile.blockDesign"},{"blockId":239,"blockMeta":0,"blockName":"tile.oreMachalite"},{"blockId":240,"blockMeta":0,"blockName":"tile.oreArmorSphere"},{"blockId":241,"blockMeta":0,"blockName":"tile.ashStone"},{"blockId":242,"blockMeta":0,"blockName":"tile.blockSand_1"},{"blockId":243,"blockMeta":0,"blockName":"tile.discStone"},{"blockId":244,"blockMeta":0,"blockName":"tile.fucGrassSide"},{"blockId":245,"blockMeta":0,"blockName":"tile.bop.longGrass"},{"blockId":246,"blockMeta":0,"blockName":"tile.bop.generic.crag_rock"},{"blockId":247,"blockMeta":0,"blockName":"tile.bop.holyStone"},{"blockId":247,"blockMeta":1,"blockName":"tile.bop.holyStone"},{"blockId":247,"blockMeta":2,"blockName":"tile.bop.holyStone"},{"blockId":247,"blockMeta":3,"blockName":"tile.bop.holyStone"},{"blockId":248,"blockMeta":0,"blockName":"tile.bop.generic.holy_dirt"},{"blockId":250,"blockMeta":0,"blockName":"tile.TaintedSoil"},{"blockId":250,"blockMeta":1,"blockName":"tile.TaintedSoil"},{"blockId":250,"blockMeta":2,"blockName":"tile.TaintedSoil"},{"blockId":252,"blockMeta":0,"blockName":"tile.portaltrigger"},{"blockId":255,"blockMeta":0,"blockName":"tile.HeatSand"},{"blockId":256,"blockMeta":0,"blockName":"tile.ForgeFiller"},{"blockId":257,"blockMeta":0,"blockName":"tile.ForgeFiller"},{"blockId":258,"blockMeta":0,"blockName":"tile.ForgeFiller"},{"blockId":259,"blockMeta":0,"blockName":"tile.ForgeFiller"},{"blockId":260,"blockMeta":0,"blockName":"tile.ForgeFiller"},{"blockId":261,"blockMeta":0,"blockName":"tile.ForgeFiller"},{"blockId":262,"blockMeta":0,"blockName":"tile.ForgeFiller"},{"blockId":263,"blockMeta":0,"blockName":"tile.ForgeFiller"},{"blockId":264,"blockMeta":0,"blockName":"tile.ForgeFiller"},{"blockId":265,"blockMeta":0,"blockName":"tile.ForgeFiller"},{"blockId":266,"blockMeta":0,"blockName":"tile.ForgeFiller"},{"blockId":267,"blockMeta":0,"blockName":"tile.ForgeFiller"},{"blockId":268,"blockMeta":0,"blockName":"tile.ForgeFiller"},{"blockId":269,"blockMeta":0,"blockName":"tile.ForgeFiller"},{"blockId":270,"blockMeta":0,"blockName":"tile.ForgeFiller"},{"blockId":271,"blockMeta":0,"blockName":"tile.ForgeFiller"},{"blockId":272,"blockMeta":0,"blockName":"tile.ForgeFiller"},{"blockId":273,"blockMeta":0,"blockName":"tile.ForgeFiller"},{"blockId":274,"blockMeta":0,"blockName":"tile.ForgeFiller"},{"blockId":275,"blockMeta":0,"blockName":"tile.ForgeFiller"},{"blockId":276,"blockMeta":0,"blockName":"tile.ForgeFiller"},{"blockId":277,"blockMeta":0,"blockName":"tile.ForgeFiller"},{"blockId":278,"blockMeta":0,"blockName":"tile.ForgeFiller"},{"blockId":279,"blockMeta":0,"blockName":"tile.ForgeFiller"},{"blockId":280,"blockMeta":0,"blockName":"tile.ForgeFiller"},{"blockId":281,"blockMeta":0,"blockName":"tile.ForgeFiller"},{"blockId":282,"blockMeta":0,"blockName":"tile.ForgeFiller"},{"blockId":283,"blockMeta":0,"blockName":"tile.ForgeFiller"},{"blockId":284,"blockMeta":0,"blockName":"tile.ForgeFiller"},{"blockId":285,"blockMeta":0,"blockName":"tile.ForgeFiller"},{"blockId":286,"blockMeta":0,"blockName":"tile.ForgeFiller"},{"blockId":287,"blockMeta":0,"blockName":"tile.ForgeFiller"},{"blockId":288,"blockMeta":0,"blockName":"tile.ForgeFiller"},{"blockId":289,"blockMeta":0,"blockName":"tile.ForgeFiller"},{"blockId":290,"blockMeta":0,"blockName":"tile.ForgeFiller"},{"blockId":291,"blockMeta":0,"blockName":"tile.ForgeFiller"},{"blockId":292,"blockMeta":0,"blockName":"tile.ForgeFiller"},{"blockId":293,"blockMeta":0,"blockName":"tile.ForgeFiller"},{"blockId":294,"blockMeta":0,"blockName":"tile.ForgeFiller"},{"blockId":295,"blockMeta":0,"blockName":"tile.ForgeFiller"},{"blockId":296,"blockMeta":0,"blockName":"tile.ForgeFiller"},{"blockId":297,"blockMeta":0,"blockName":"tile.ForgeFiller"},{"blockId":298,"blockMeta":0,"blockName":"tile.ForgeFiller"},{"blockId":299,"blockMeta":0,"blockName":"tile.ForgeFiller"},{"blockId":300,"blockMeta":0,"blockName":"tile.ForgeFiller"},{"blockId":301,"blockMeta":0,"blockName":"tile.ForgeFiller"},{"blockId":302,"blockMeta":0,"blockName":"tile.ForgeFiller"},{"blockId":303,"blockMeta":0,"blockName":"tile.ForgeFiller"},{"blockId":304,"blockMeta":0,"blockName":"tile.ForgeFiller"},{"blockId":305,"blockMeta":0,"blockName":"tile.ForgeFiller"},{"blockId":306,"blockMeta":0,"blockName":"tile.ForgeFiller"},{"blockId":307,"blockMeta":0,"blockName":"tile.ForgeFiller"},{"blockId":308,"blockMeta":0,"blockName":"tile.ForgeFiller"},{"blockId":309,"blockMeta":0,"blockName":"tile.ForgeFiller"},{"blockId":310,"blockMeta":0,"blockName":"tile.ForgeFiller"},{"blockId":311,"blockMeta":0,"blockName":"tile.ForgeFiller"},{"blockId":312,"blockMeta":0,"blockName":"tile.ForgeFiller"},{"blockId":313,"blockMeta":0,"blockName":"tile.ForgeFiller"},{"blockId":314,"blockMeta":0,"blockName":"tile.ForgeFiller"},{"blockId":315,"blockMeta":0,"blockName":"tile.ForgeFiller"},{"blockId":316,"blockMeta":0,"blockName":"tile.ForgeFiller"},{"blockId":317,"blockMeta":0,"blockName":"tile.ForgeFiller"},{"blockId":318,"blockMeta":0,"blockName":"tile.ForgeFiller"},{"blockId":319,"blockMeta":0,"blockName":"tile.ForgeFiller"},{"blockId":320,"blockMeta":0,"blockName":"tile.ForgeFiller"},{"blockId":321,"blockMeta":0,"blockName":"tile.ForgeFiller"},{"blockId":322,"blockMeta":0,"blockName":"tile.ForgeFiller"},{"blockId":323,"blockMeta":0,"blockName":"tile.ForgeFiller"},{"blockId":324,"blockMeta":0,"blockName":"tile.ForgeFiller"},{"blockId":325,"blockMeta":0,"blockName":"tile.ForgeFiller"},{"blockId":326,"blockMeta":0,"blockName":"tile.ForgeFiller"},{"blockId":327,"blockMeta":0,"blockName":"tile.ForgeFiller"},{"blockId":328,"blockMeta":0,"blockName":"tile.ForgeFiller"},{"blockId":329,"blockMeta":0,"blockName":"tile.ForgeFiller"},{"blockId":330,"blockMeta":0,"blockName":"tile.ForgeFiller"},{"blockId":331,"blockMeta":0,"blockName":"tile.ForgeFiller"},{"blockId":332,"blockMeta":0,"blockName":"tile.ForgeFiller"},{"blockId":333,"blockMeta":0,"blockName":"tile.ForgeFiller"},{"blockId":334,"blockMeta":0,"blockName":"tile.ForgeFiller"},{"blockId":335,"blockMeta":0,"blockName":"tile.ForgeFiller"},{"blockId":336,"blockMeta":0,"blockName":"tile.ForgeFiller"},{"blockId":337,"blockMeta":0,"blockName":"tile.ForgeFiller"},{"blockId":338,"blockMeta":0,"blockName":"tile.ForgeFiller"},{"blockId":339,"blockMeta":0,"blockName":"tile.ForgeFiller"},{"blockId":340,"blockMeta":0,"blockName":"tile.ForgeFiller"},{"blockId":341,"blockMeta":0,"blockName":"tile.ForgeFiller"},{"blockId":342,"blockMeta":0,"blockName":"tile.ForgeFiller"},{"blockId":343,"blockMeta":0,"blockName":"tile.ForgeFiller"},{"blockId":344,"blockMeta":0,"blockName":"tile.ForgeFiller"},{"blockId":345,"blockMeta":0,"blockName":"tile.ForgeFiller"},{"blockId":346,"blockMeta":0,"blockName":"tile.ForgeFiller"},{"blockId":347,"blockMeta":0,"blockName":"tile.ForgeFiller"},{"blockId":348,"blockMeta":0,"blockName":"tile.ForgeFiller"},{"blockId":349,"blockMeta":0,"blockName":"tile.ForgeFiller"},{"blockId":350,"blockMeta":0,"blockName":"tile.ForgeFiller"},{"blockId":351,"blockMeta":0,"blockName":"tile.ForgeFiller"},{"blockId":352,"blockMeta":0,"blockName":"tile.ForgeFiller"},{"blockId":353,"blockMeta":0,"blockName":"tile.ForgeFiller"},{"blockId":354,"blockMeta":0,"blockName":"tile.ForgeFiller"},{"blockId":355,"blockMeta":0,"blockName":"tile.ForgeFiller"},{"blockId":356,"blockMeta":0,"blockName":"tile.ForgeFiller"},{"blockId":357,"blockMeta":0,"blockName":"tile.ForgeFiller"},{"blockId":358,"blockMeta":0,"blockName":"tile.ForgeFiller"},{"blockId":359,"blockMeta":0,"blockName":"tile.ForgeFiller"},{"blockId":360,"blockMeta":0,"blockName":"tile.ForgeFiller"},{"blockId":361,"blockMeta":0,"blockName":"tile.ForgeFiller"},{"blockId":362,"blockMeta":0,"blockName":"tile.ForgeFiller"},{"blockId":363,"blockMeta":0,"blockName":"tile.ForgeFiller"},{"blockId":364,"blockMeta":0,"blockName":"tile.ForgeFiller"},{"blockId":365,"blockMeta":0,"blockName":"tile.ForgeFiller"},{"blockId":366,"blockMeta":0,"blockName":"tile.ForgeFiller"},{"blockId":367,"blockMeta":0,"blockName":"tile.ForgeFiller"},{"blockId":368,"blockMeta":0,"blockName":"tile.ForgeFiller"},{"blockId":369,"blockMeta":0,"blockName":"tile.ForgeFiller"},{"blockId":370,"blockMeta":0,"blockName":"tile.ForgeFiller"},{"blockId":371,"blockMeta":0,"blockName":"tile.ForgeFiller"},{"blockId":372,"blockMeta":0,"blockName":"tile.ForgeFiller"},{"blockId":373,"blockMeta":0,"blockName":"tile.ForgeFiller"},{"blockId":374,"blockMeta":0,"blockName":"tile.ForgeFiller"},{"blockId":375,"blockMeta":0,"blockName":"tile.ForgeFiller"},{"blockId":376,"blockMeta":0,"blockName":"tile.ForgeFiller"},{"blockId":377,"blockMeta":0,"blockName":"tile.ForgeFiller"},{"blockId":378,"blockMeta":0,"blockName":"tile.ForgeFiller"},{"blockId":379,"blockMeta":0,"blockName":"tile.ForgeFiller"},{"blockId":380,"blockMeta":0,"blockName":"tile.ForgeFiller"},{"blockId":381,"blockMeta":0,"blockName":"tile.ForgeFiller"},{"blockId":382,"blockMeta":0,"blockName":"tile.ForgeFiller"},{"blockId":383,"blockMeta":0,"blockName":"tile.ForgeFiller"},{"blockId":384,"blockMeta":0,"blockName":"tile.ForgeFiller"},{"blockId":385,"blockMeta":0,"blockName":"tile.ForgeFiller"},{"blockId":386,"blockMeta":0,"blockName":"tile.ForgeFiller"},{"blockId":387,"blockMeta":0,"blockName":"tile.ForgeFiller"},{"blockId":388,"blockMeta":0,"blockName":"tile.ForgeFiller"},{"blockId":389,"blockMeta":0,"blockName":"tile.ForgeFiller"},{"blockId":390,"blockMeta":0,"blockName":"tile.ForgeFiller"},{"blockId":391,"blockMeta":0,"blockName":"tile.ForgeFiller"},{"blockId":392,"blockMeta":0,"blockName":"tile.ForgeFiller"},{"blockId":393,"blockMeta":0,"blockName":"tile.ForgeFiller"},{"blockId":394,"blockMeta":0,"blockName":"tile.ForgeFiller"},{"blockId":395,"blockMeta":0,"blockName":"tile.ForgeFiller"},{"blockId":396,"blockMeta":0,"blockName":"tile.ForgeFiller"},{"blockId":397,"blockMeta":0,"blockName":"tile.ForgeFiller"},{"blockId":398,"blockMeta":0,"blockName":"tile.ForgeFiller"},{"blockId":399,"blockMeta":0,"blockName":"tile.ForgeFiller"},{"blockId":400,"blockMeta":0,"blockName":"tile.ForgeFiller"},{"blockId":401,"blockMeta":0,"blockName":"tile.ForgeFiller"},{"blockId":402,"blockMeta":0,"blockName":"tile.ForgeFiller"},{"blockId":403,"blockMeta":0,"blockName":"tile.ForgeFiller"},{"blockId":404,"blockMeta":0,"blockName":"tile.ForgeFiller"},{"blockId":405,"blockMeta":0,"blockName":"tile.ForgeFiller"},{"blockId":406,"blockMeta":0,"blockName":"tile.ForgeFiller"},{"blockId":407,"blockMeta":0,"blockName":"tile.ForgeFiller"},{"blockId":408,"blockMeta":0,"blockName":"tile.ForgeFiller"},{"blockId":417,"blockMeta":0,"blockName":"tile.ForgeFiller"},{"blockId":418,"blockMeta":0,"blockName":"tile.ForgeFiller"},{"blockId":419,"blockMeta":0,"blockName":"tile.ForgeFiller"},{"blockId":420,"blockMeta":0,"blockName":"tile.ForgeFiller"},{"blockId":421,"blockMeta":0,"blockName":"tile.ForgeFiller"},{"blockId":602,"blockMeta":0,"blockName":"tile.moonBlock"},{"blockId":602,"blockMeta":1,"blockName":"tile.moonBlock"},{"blockId":602,"blockMeta":2,"blockName":"tile.moonBlock"},{"blockId":602,"blockMeta":3,"blockName":"tile.moonBlock"},{"blockId":602,"blockMeta":4,"blockName":"tile.moonBlock"},{"blockId":602,"blockMeta":5,"blockName":"tile.moonBlock"},{"blockId":602,"blockMeta":6,"blockName":"tile.moonBlock"},{"blockId":612,"blockMeta":0,"blockName":"tile.mfr.decorativebrick"},{"blockId":618,"blockMeta":0,"blockName":"tile.mfr.machine.0"},{"blockId":619,"blockMeta":0,"blockName":"tile.mfr.machine.1"},{"blockId":620,"blockMeta":0,"blockName":"tile.mfr.machine.2"},{"blockId":631,"blockMeta":0,"blockName":"tile.mfr.road"},{"blockId":632,"blockMeta":0,"blockName":"tile.mfr.rubberwood.leaves"},{"blockId":634,"blockMeta":0,"blockName":"tile.mfr.rubberwood.log"},{"blockId":639,"blockMeta":0,"blockName":"tile.mfr.decorativestone"},{"blockId":711,"blockMeta":0,"blockName":"tile.combustionGenerator"},{"blockId":712,"blockMeta":0,"blockName":"tile.combustionGeneratorIdle"},{"blockId":713,"blockMeta":0,"blockName":"tile.dnaAnalyser"},{"blockId":714,"blockMeta":0,"blockName":"tile.dnaAutoSplitter"},{"blockId":715,"blockMeta":0,"blockName":"tile.dnaBreeder"},{"blockId":716,"blockMeta":0,"blockName":"tile.centrifuge"},{"blockId":717,"blockMeta":0,"blockName":"tile.dnaCombiner"},{"blockId":718,"blockMeta":0,"blockName":"tile.dnaEncoder"},{"blockId":719,"blockMeta":0,"blockName":"tile.dnaExtractor"},{"blockId":720,"blockMeta":0,"blockName":"tile.dnaRemover"},{"blockId":721,"blockMeta":0,"blockName":"tile.dnaSplitter"},{"blockId":722,"blockMeta":0,"blockName":"tile.dnaTransmutator"},{"blockId":752,"blockMeta":0,"blockName":"tile.artifice.detector"},{"blockId":754,"blockMeta":0,"blockName":"tile.artifice.basalt"},{"blockId":754,"blockMeta":1,"blockName":"tile.artifice.basalt"},{"blockId":754,"blockMeta":2,"blockName":"tile.artifice.basalt"},{"blockId":754,"blockMeta":3,"blockName":"tile.artifice.basalt"},{"blockId":754,"blockMeta":4,"blockName":"tile.artifice.basalt"},{"blockId":754,"blockMeta":5,"blockName":"tile.artifice.basalt"},{"blockId":755,"blockMeta":0,"blockName":"tile.artifice.marble"},{"blockId":755,"blockMeta":1,"blockName":"tile.artifice.marble"},{"blockId":755,"blockMeta":2,"blockName":"tile.artifice.marble"},{"blockId":755,"blockMeta":3,"blockName":"tile.artifice.marble"},{"blockId":755,"blockMeta":4,"blockName":"tile.artifice.marble"},{"blockId":755,"blockMeta":5,"blockName":"tile.artifice.marble"},{"blockId":765,"blockMeta":0,"blockName":"tile.artifice.steel"},{"blockId":766,"blockMeta":0,"blockName":"tile.artifice.reinforced"},{"blockId":766,"blockMeta":1,"blockName":"tile.artifice.reinforced"},{"blockId":766,"blockMeta":2,"blockName":"tile.artifice.reinforced"},{"blockId":766,"blockMeta":3,"blockName":"tile.artifice.reinforced"},{"blockId":826,"blockMeta":0,"blockName":"tile.hey"},{"blockId":827,"blockMeta":0,"blockName":"tile.nyan"},{"blockId":828,"blockMeta":0,"blockName":"tile.pattern"},{"blockId":864,"blockMeta":0,"blockName":"tile.whiteGlass"},{"blockId":865,"blockMeta":0,"blockName":"tile.yellowGlow"},{"blockId":954,"blockMeta":0,"blockName":"tile.icbm:radioactive"},{"blockId":956,"blockMeta":0,"blockName":"tile.icbm:concrete"},{"blockId":956,"blockMeta":1,"blockName":"tile.icbm:concrete"},{"blockId":956,"blockMeta":2,"blockName":"tile.icbm:concrete"},{"blockId":960,"blockMeta":0,"blockName":"tile.icbm:oreSulfur"},{"blockId":961,"blockMeta":0,"blockName":"tile.icbm:proximityDetector"},{"blockId":964,"blockMeta":0,"blockName":"tile.icbm:turretPlatform"},{"blockId":1026,"blockMeta":0,"blockName":"tile.autoPlacer"},{"blockId":1027,"blockMeta":0,"blockName":"tile.blockBreaker"},{"blockId":1028,"blockMeta":0,"blockName":"tile.blockDetector"},{"blockId":1029,"blockMeta":0,"blockName":"tile.enderPorter"},{"blockId":1030,"blockMeta":0,"blockName":"tile.entityDetector"},{"blockId":1032,"blockMeta":0,"blockName":"tile.fluidDisplay"},{"blockId":1033,"blockMeta":0,"blockName":"tile.inventoryInterface"},{"blockId":1035,"blockMeta":0,"blockName":"tile.onlineDetector"},{"blockId":1036,"blockMeta":0,"blockName":"tile.playerinterface"},{"blockId":1037,"blockMeta":0,"blockName":"tile.shockAbsorber"},{"blockId":1051,"blockMeta":0,"blockName":"tile.oxygenCollector"},{"blockId":1052,"blockMeta":0,"blockName":"tile.oxygenCompressor"},{"blockId":1052,"blockMeta":1,"blockName":"tile.oxygenCompressor"},{"blockId":1053,"blockMeta":0,"blockName":"tile.distributor"},{"blockId":1054,"blockMeta":0,"blockName":"tile.airLockFrame"},{"blockId":1054,"blockMeta":1,"blockName":"tile.airLockFrame"},{"blockId":1057,"blockMeta":0,"blockName":"tile.cargo"},{"blockId":1057,"blockMeta":1,"blockName":"tile.cargo"},{"blockId":1061,"blockMeta":0,"blockName":"tile.gcBlockCore"},{"blockId":1061,"blockMeta":1,"blockName":"tile.gcBlockCore"},{"blockId":1061,"blockMeta":2,"blockName":"tile.gcBlockCore"},{"blockId":1061,"blockMeta":3,"blockName":"tile.gcBlockCore"},{"blockId":1061,"blockMeta":4,"blockName":"tile.gcBlockCore"},{"blockId":1061,"blockMeta":5,"blockName":"tile.gcBlockCore"},{"blockId":1061,"blockMeta":6,"blockName":"tile.gcBlockCore"},{"blockId":1061,"blockMeta":7,"blockName":"tile.gcBlockCore"},{"blockId":1061,"blockMeta":8,"blockName":"tile.gcBlockCore"},{"blockId":1063,"blockMeta":0,"blockName":"tile.enclosed"},{"blockId":1063,"blockMeta":1,"blockName":"tile.enclosed"},{"blockId":1063,"blockMeta":2,"blockName":"tile.enclosed"},{"blockId":1066,"blockMeta":0,"blockName":"tile.fuelLoader"},{"blockId":1070,"blockMeta":0,"blockName":"tile.machine"},{"blockId":1070,"blockMeta":1,"blockName":"tile.machine"},{"blockId":1070,"blockMeta":2,"blockName":"tile.machine"},{"blockId":1070,"blockMeta":3,"blockName":"tile.machine"},{"blockId":1071,"blockMeta":0,"blockName":"tile.machine2"},{"blockId":1071,"blockMeta":1,"blockName":"tile.machine2"},{"blockId":1071,"blockMeta":2,"blockName":"tile.machine2"},{"blockId":1072,"blockMeta":0,"blockName":"tile.oxygenDetector"},{"blockId":1073,"blockMeta":0,"blockName":"tile.sealer"},{"blockId":1075,"blockMeta":0,"blockName":"tile.refinery"},{"blockId":1079,"blockMeta":0,"blockName":"tile.spaceStationBase"},{"blockId":1157,"blockMeta":0,"blockName":"tile.bloodwood"},{"blockId":1157,"blockMeta":1,"blockName":"tile.bloodwood"},{"blockId":1165,"blockMeta":0,"blockName":"tile.bookshelf"},{"blockId":1165,"blockMeta":1,"blockName":"tile.bookshelf"},{"blockId":1165,"blockMeta":2,"blockName":"tile.bookshelf"},{"blockId":1165,"blockMeta":3,"blockName":"tile.bookshelf"},{"blockId":1165,"blockMeta":4,"blockName":"tile.bookshelf"},{"blockId":1165,"blockMeta":5,"blockName":"tile.bookshelf"},{"blockId":1165,"blockMeta":6,"blockName":"tile.bookshelf"},{"blockId":1165,"blockMeta":7,"blockName":"tile.bookshelf"},{"blockId":1165,"blockMeta":8,"blockName":"tile.bookshelf"},{"blockId":1165,"blockMeta":9,"blockName":"tile.bookshelf"},{"blockId":1165,"blockMeta":10,"blockName":"tile.bookshelf"},{"blockId":1165,"blockMeta":11,"blockName":"tile.bookshelf"},{"blockId":1165,"blockMeta":12,"blockName":"tile.bookshelf"},{"blockId":1167,"blockMeta":0,"blockName":"tile.workbench"},{"blockId":1167,"blockMeta":1,"blockName":"tile.workbench"},{"blockId":1167,"blockMeta":2,"blockName":"tile.workbench"},{"blockId":1167,"blockMeta":3,"blockName":"tile.workbench"},{"blockId":1167,"blockMeta":4,"blockName":"tile.workbench"},{"blockId":1167,"blockMeta":5,"blockName":"tile.workbench"},{"blockId":1167,"blockMeta":6,"blockName":"tile.workbench"},{"blockId":1167,"blockMeta":7,"blockName":"tile.workbench"},{"blockId":1167,"blockMeta":8,"blockName":"tile.workbench"},{"blockId":1167,"blockMeta":9,"blockName":"tile.workbench"},{"blockId":1167,"blockMeta":10,"blockName":"tile.workbench"},{"blockId":1167,"blockMeta":11,"blockName":"tile.workbench"},{"blockId":1167,"blockMeta":12,"blockName":"tile.workbench"},{"blockId":1171,"blockMeta":0,"blockName":"tile.Darkleaves"},{"blockId":1171,"blockMeta":1,"blockName":"tile.Darkleaves"},{"blockId":1171,"blockMeta":2,"blockName":"tile.Darkleaves"},{"blockId":1171,"blockMeta":3,"blockName":"tile.Darkleaves"},{"blockId":1172,"blockMeta":0,"blockName":"tile.Darktree"},{"blockId":1172,"blockMeta":1,"blockName":"tile.Darktree"},{"blockId":1183,"blockMeta":0,"blockName":"tile.natura.leaves"},{"blockId":1183,"blockMeta":1,"blockName":"tile.natura.leaves"},{"blockId":1183,"blockMeta":2,"blockName":"tile.natura.leaves"},{"blockId":1213,"blockMeta":0,"blockName":"tile.natura.planks"},{"blockId":1213,"blockMeta":1,"blockName":"tile.natura.planks"},{"blockId":1213,"blockMeta":2,"blockName":"tile.natura.planks"},{"blockId":1213,"blockMeta":3,"blockName":"tile.natura.planks"},{"blockId":1213,"blockMeta":4,"blockName":"tile.natura.planks"},{"blockId":1213,"blockMeta":5,"blockName":"tile.natura.planks"},{"blockId":1213,"blockMeta":6,"blockName":"tile.natura.planks"},{"blockId":1213,"blockMeta":7,"blockName":"tile.natura.planks"},{"blockId":1213,"blockMeta":8,"blockName":"tile.natura.planks"},{"blockId":1213,"blockMeta":9,"blockName":"tile.natura.planks"},{"blockId":1213,"blockMeta":10,"blockName":"tile.natura.planks"},{"blockId":1213,"blockMeta":11,"blockName":"tile.natura.planks"},{"blockId":1213,"blockMeta":12,"blockName":"tile.natura.planks"},{"blockId":1215,"blockMeta":0,"blockName":"tile.RareLeaves"},{"blockId":1215,"blockMeta":1,"blockName":"tile.RareLeaves"},{"blockId":1215,"blockMeta":2,"blockName":"tile.RareLeaves"},{"blockId":1215,"blockMeta":3,"blockName":"tile.RareLeaves"},{"blockId":1216,"blockMeta":0,"blockName":"tile.RareTree"},{"blockId":1216,"blockMeta":1,"blockName":"tile.RareTree"},{"blockId":1216,"blockMeta":2,"blockName":"tile.RareTree"},{"blockId":1216,"blockMeta":3,"blockName":"tile.RareTree"},{"blockId":1219,"blockMeta":0,"blockName":"tile.natura.redwood"},{"blockId":1219,"blockMeta":1,"blockName":"tile.natura.redwood"},{"blockId":1219,"blockMeta":2,"blockName":"tile.natura.redwood"},{"blockId":1230,"blockMeta":0,"blockName":"tile.natura.leavesnocolor"},{"blockId":1230,"blockMeta":1,"blockName":"tile.natura.leavesnocolor"},{"blockId":1230,"blockMeta":2,"blockName":"tile.natura.leavesnocolor"},{"blockId":1230,"blockMeta":3,"blockName":"tile.natura.leavesnocolor"},{"blockId":1247,"blockMeta":0,"blockName":"tile.GrassBlock"},{"blockId":1247,"blockMeta":1,"blockName":"tile.GrassBlock"},{"blockId":1247,"blockMeta":2,"blockName":"tile.GrassBlock"},{"blockId":1251,"blockMeta":0,"blockName":"tile.willow"},{"blockId":1255,"blockMeta":0,"blockName":"tile.natura.treeblock"},{"blockId":1255,"blockMeta":1,"blockName":"tile.natura.treeblock"},{"blockId":1255,"blockMeta":2,"blockName":"tile.natura.treeblock"},{"blockId":1255,"blockMeta":3,"blockName":"tile.natura.treeblock"},{"blockId":1354,"blockMeta":0,"blockName":"tile.mars"},{"blockId":1354,"blockMeta":1,"blockName":"tile.mars"},{"blockId":1354,"blockMeta":2,"blockName":"tile.mars"},{"blockId":1354,"blockMeta":3,"blockName":"tile.mars"},{"blockId":1354,"blockMeta":4,"blockName":"tile.mars"},{"blockId":1354,"blockMeta":5,"blockName":"tile.mars"},{"blockId":1354,"blockMeta":6,"blockName":"tile.mars"},{"blockId":1354,"blockMeta":7,"blockName":"tile.mars"},{"blockId":1354,"blockMeta":8,"blockName":"tile.mars"},{"blockId":1354,"blockMeta":9,"blockName":"tile.mars"},{"blockId":1376,"blockMeta":0,"blockName":"tile.limestone"},{"blockId":1376,"blockMeta":1,"blockName":"tile.limestone"},{"blockId":1376,"blockMeta":2,"blockName":"tile.limestone"},{"blockId":1376,"blockMeta":3,"blockName":"tile.limestone"},{"blockId":1376,"blockMeta":4,"blockName":"tile.limestone"},{"blockId":1376,"blockMeta":5,"blockName":"tile.limestone"},{"blockId":1376,"blockMeta":6,"blockName":"tile.limestone"},{"blockId":1376,"blockMeta":7,"blockName":"tile.limestone"},{"blockId":1376,"blockMeta":8,"blockName":"tile.limestone"},{"blockId":1376,"blockMeta":9,"blockName":"tile.limestone"},{"blockId":1376,"blockMeta":10,"blockName":"tile.limestone"},{"blockId":1376,"blockMeta":11,"blockName":"tile.limestone"},{"blockId":1376,"blockMeta":12,"blockName":"tile.limestone"},{"blockId":1376,"blockMeta":13,"blockName":"tile.limestone"},{"blockId":1376,"blockMeta":14,"blockName":"tile.limestone"},{"blockId":1376,"blockMeta":15,"blockName":"tile.limestone"},{"blockId":1387,"blockMeta":0,"blockName":"tile.marble"},{"blockId":1387,"blockMeta":1,"blockName":"tile.marble"},{"blockId":1387,"blockMeta":2,"blockName":"tile.marble"},{"blockId":1387,"blockMeta":3,"blockName":"tile.marble"},{"blockId":1387,"blockMeta":4,"blockName":"tile.marble"},{"blockId":1387,"blockMeta":5,"blockName":"tile.marble"},{"blockId":1387,"blockMeta":6,"blockName":"tile.marble"},{"blockId":1387,"blockMeta":7,"blockName":"tile.marble"},{"blockId":1387,"blockMeta":8,"blockName":"tile.marble"},{"blockId":1387,"blockMeta":9,"blockName":"tile.marble"},{"blockId":1387,"blockMeta":10,"blockName":"tile.marble"},{"blockId":1387,"blockMeta":11,"blockName":"tile.marble"},{"blockId":1387,"blockMeta":12,"blockName":"tile.marble"},{"blockId":1387,"blockMeta":13,"blockName":"tile.marble"},{"blockId":1387,"blockMeta":14,"blockName":"tile.marble"},{"blockId":1387,"blockMeta":15,"blockName":"tile.marble"},{"blockId":1388,"blockMeta":0,"blockName":"tile.marblePillar"},{"blockId":1388,"blockMeta":1,"blockName":"tile.marblePillar"},{"blockId":1388,"blockMeta":2,"blockName":"tile.marblePillar"},{"blockId":1388,"blockMeta":3,"blockName":"tile.marblePillar"},{"blockId":1388,"blockMeta":4,"blockName":"tile.marblePillar"},{"blockId":1388,"blockMeta":5,"blockName":"tile.marblePillar"},{"blockId":1388,"blockMeta":6,"blockName":"tile.marblePillar"},{"blockId":1388,"blockMeta":7,"blockName":"tile.marblePillar"},{"blockId":1388,"blockMeta":8,"blockName":"tile.marblePillar"},{"blockId":1388,"blockMeta":9,"blockName":"tile.marblePillar"},{"blockId":1388,"blockMeta":10,"blockName":"tile.marblePillar"},{"blockId":1388,"blockMeta":11,"blockName":"tile.marblePillar"},{"blockId":1388,"blockMeta":12,"blockName":"tile.marblePillar"},{"blockId":1388,"blockMeta":13,"blockName":"tile.marblePillar"},{"blockId":1388,"blockMeta":14,"blockName":"tile.marblePillar"},{"blockId":1388,"blockMeta":15,"blockName":"tile.marblePillar"},{"blockId":1401,"blockMeta":0,"blockName":"tile.blockCarpet"},{"blockId":1401,"blockMeta":1,"blockName":"tile.blockCarpet"},{"blockId":1401,"blockMeta":2,"blockName":"tile.blockCarpet"},{"blockId":1401,"blockMeta":3,"blockName":"tile.blockCarpet"},{"blockId":1401,"blockMeta":4,"blockName":"tile.blockCarpet"},{"blockId":1401,"blockMeta":5,"blockName":"tile.blockCarpet"},{"blockId":1401,"blockMeta":6,"blockName":"tile.blockCarpet"},{"blockId":1401,"blockMeta":7,"blockName":"tile.blockCarpet"},{"blockId":1401,"blockMeta":8,"blockName":"tile.blockCarpet"},{"blockId":1401,"blockMeta":9,"blockName":"tile.blockCarpet"},{"blockId":1401,"blockMeta":10,"blockName":"tile.blockCarpet"},{"blockId":1401,"blockMeta":11,"blockName":"tile.blockCarpet"},{"blockId":1401,"blockMeta":12,"blockName":"tile.blockCarpet"},{"blockId":1401,"blockMeta":13,"blockName":"tile.blockCarpet"},{"blockId":1401,"blockMeta":14,"blockName":"tile.blockCarpet"},{"blockId":1401,"blockMeta":15,"blockName":"tile.blockCarpet"},{"blockId":1403,"blockMeta":0,"blockName":"tile.concrete"},{"blockId":1403,"blockMeta":1,"blockName":"tile.concrete"},{"blockId":1403,"blockMeta":2,"blockName":"tile.concrete"},{"blockId":1403,"blockMeta":3,"blockName":"tile.concrete"},{"blockId":1403,"blockMeta":4,"blockName":"tile.concrete"},{"blockId":1403,"blockMeta":5,"blockName":"tile.concrete"},{"blockId":1403,"blockMeta":6,"blockName":"tile.concrete"},{"blockId":1403,"blockMeta":7,"blockName":"tile.concrete"},{"blockId":1403,"blockMeta":8,"blockName":"tile.concrete"},{"blockId":1403,"blockMeta":9,"blockName":"tile.concrete"},{"blockId":1403,"blockMeta":10,"blockName":"tile.concrete"},{"blockId":1404,"blockMeta":0,"blockName":"tile.blockFactory"},{"blockId":1404,"blockMeta":1,"blockName":"tile.blockFactory"},{"blockId":1404,"blockMeta":2,"blockName":"tile.blockFactory"},{"blockId":1404,"blockMeta":3,"blockName":"tile.blockFactory"},{"blockId":1404,"blockMeta":4,"blockName":"tile.blockFactory"},{"blockId":1404,"blockMeta":5,"blockName":"tile.blockFactory"},{"blockId":1404,"blockMeta":6,"blockName":"tile.blockFactory"},{"blockId":1404,"blockMeta":7,"blockName":"tile.blockFactory"},{"blockId":1404,"blockMeta":8,"blockName":"tile.blockFactory"},{"blockId":1404,"blockMeta":9,"blockName":"tile.blockFactory"},{"blockId":1404,"blockMeta":10,"blockName":"tile.blockFactory"},{"blockId":1404,"blockMeta":11,"blockName":"tile.blockFactory"},{"blockId":1404,"blockMeta":12,"blockName":"tile.blockFactory"},{"blockId":1404,"blockMeta":14,"blockName":"tile.blockFactory"},{"blockId":1405,"blockMeta":0,"blockName":"tile.blockFft"},{"blockId":1405,"blockMeta":1,"blockName":"tile.blockFft"},{"blockId":1405,"blockMeta":3,"blockName":"tile.blockFft"},{"blockId":1405,"blockMeta":4,"blockName":"tile.blockFft"},{"blockId":1405,"blockMeta":5,"blockName":"tile.blockFft"},{"blockId":1405,"blockMeta":6,"blockName":"tile.blockFft"},{"blockId":1405,"blockMeta":7,"blockName":"tile.blockFft"},{"blockId":1405,"blockMeta":8,"blockName":"tile.blockFft"},{"blockId":1405,"blockMeta":9,"blockName":"tile.blockFft"},{"blockId":1405,"blockMeta":10,"blockName":"tile.blockFft"},{"blockId":1405,"blockMeta":11,"blockName":"tile.blockFft"},{"blockId":1405,"blockMeta":12,"blockName":"tile.blockFft"},{"blockId":1405,"blockMeta":13,"blockName":"tile.blockFft"},{"blockId":1405,"blockMeta":14,"blockName":"tile.blockFft"},{"blockId":1406,"blockMeta":0,"blockName":"tile.blockHolystone"},{"blockId":1406,"blockMeta":1,"blockName":"tile.blockHolystone"},{"blockId":1406,"blockMeta":2,"blockName":"tile.blockHolystone"},{"blockId":1406,"blockMeta":3,"blockName":"tile.blockHolystone"},{"blockId":1406,"blockMeta":4,"blockName":"tile.blockHolystone"},{"blockId":1406,"blockMeta":5,"blockName":"tile.blockHolystone"},{"blockId":1406,"blockMeta":6,"blockName":"tile.blockHolystone"},{"blockId":1406,"blockMeta":7,"blockName":"tile.blockHolystone"},{"blockId":1406,"blockMeta":8,"blockName":"tile.blockHolystone"},{"blockId":1406,"blockMeta":9,"blockName":"tile.blockHolystone"},{"blockId":1406,"blockMeta":10,"blockName":"tile.blockHolystone"},{"blockId":1406,"blockMeta":11,"blockName":"tile.blockHolystone"},{"blockId":1406,"blockMeta":12,"blockName":"tile.blockHolystone"},{"blockId":1406,"blockMeta":13,"blockName":"tile.blockHolystone"},{"blockId":1416,"blockMeta":0,"blockName":"tile.blockLavastone"},{"blockId":1416,"blockMeta":1,"blockName":"tile.blockLavastone"},{"blockId":1416,"blockMeta":2,"blockName":"tile.blockLavastone"},{"blockId":1416,"blockMeta":3,"blockName":"tile.blockLavastone"},{"blockId":1416,"blockMeta":4,"blockName":"tile.blockLavastone"},{"blockId":1416,"blockMeta":5,"blockName":"tile.blockLavastone"},{"blockId":1416,"blockMeta":6,"blockName":"tile.blockLavastone"},{"blockId":1418,"blockMeta":0,"blockName":"tile.sandSnakestone"},{"blockId":1418,"blockMeta":1,"blockName":"tile.sandSnakestone"},{"blockId":1419,"blockMeta":0,"blockName":"tile.sandstoneScribbles"},{"blockId":1419,"blockMeta":1,"blockName":"tile.sandstoneScribbles"},{"blockId":1419,"blockMeta":2,"blockName":"tile.sandstoneScribbles"},{"blockId":1419,"blockMeta":3,"blockName":"tile.sandstoneScribbles"},{"blockId":1419,"blockMeta":4,"blockName":"tile.sandstoneScribbles"},{"blockId":1419,"blockMeta":5,"blockName":"tile.sandstoneScribbles"},{"blockId":1419,"blockMeta":6,"blockName":"tile.sandstoneScribbles"},{"blockId":1419,"blockMeta":7,"blockName":"tile.sandstoneScribbles"},{"blockId":1419,"blockMeta":8,"blockName":"tile.sandstoneScribbles"},{"blockId":1419,"blockMeta":9,"blockName":"tile.sandstoneScribbles"},{"blockId":1419,"blockMeta":10,"blockName":"tile.sandstoneScribbles"},{"blockId":1419,"blockMeta":11,"blockName":"tile.sandstoneScribbles"},{"blockId":1419,"blockMeta":12,"blockName":"tile.sandstoneScribbles"},{"blockId":1419,"blockMeta":13,"blockName":"tile.sandstoneScribbles"},{"blockId":1419,"blockMeta":14,"blockName":"tile.sandstoneScribbles"},{"blockId":1419,"blockMeta":15,"blockName":"tile.sandstoneScribbles"},{"blockId":1420,"blockMeta":0,"blockName":"tile.snakestone"},{"blockId":1420,"blockMeta":1,"blockName":"tile.snakestone"},{"blockId":1421,"blockMeta":0,"blockName":"tile.obsidianSnakestone"},{"blockId":1421,"blockMeta":1,"blockName":"tile.obsidianSnakestone"},{"blockId":1422,"blockMeta":1,"blockName":"tile.blockTemple"},{"blockId":1422,"blockMeta":2,"blockName":"tile.blockTemple"},{"blockId":1422,"blockMeta":4,"blockName":"tile.blockTemple"},{"blockId":1422,"blockMeta":5,"blockName":"tile.blockTemple"},{"blockId":1422,"blockMeta":6,"blockName":"tile.blockTemple"},{"blockId":1422,"blockMeta":7,"blockName":"tile.blockTemple"},{"blockId":1422,"blockMeta":8,"blockName":"tile.blockTemple"},{"blockId":1422,"blockMeta":9,"blockName":"tile.blockTemple"},{"blockId":1422,"blockMeta":10,"blockName":"tile.blockTemple"},{"blockId":1422,"blockMeta":11,"blockName":"tile.blockTemple"},{"blockId":1422,"blockMeta":12,"blockName":"tile.blockTemple"},{"blockId":1422,"blockMeta":13,"blockName":"tile.blockTemple"},{"blockId":1422,"blockMeta":14,"blockName":"tile.blockTemple"},{"blockId":1422,"blockMeta":15,"blockName":"tile.blockTemple"},{"blockId":1423,"blockMeta":1,"blockName":"tile.blockTempleMossy"},{"blockId":1423,"blockMeta":2,"blockName":"tile.blockTempleMossy"},{"blockId":1423,"blockMeta":4,"blockName":"tile.blockTempleMossy"},{"blockId":1423,"blockMeta":5,"blockName":"tile.blockTempleMossy"},{"blockId":1423,"blockMeta":6,"blockName":"tile.blockTempleMossy"},{"blockId":1423,"blockMeta":7,"blockName":"tile.blockTempleMossy"},{"blockId":1423,"blockMeta":8,"blockName":"tile.blockTempleMossy"},{"blockId":1423,"blockMeta":9,"blockName":"tile.blockTempleMossy"},{"blockId":1423,"blockMeta":10,"blockName":"tile.blockTempleMossy"},{"blockId":1423,"blockMeta":11,"blockName":"tile.blockTempleMossy"},{"blockId":1423,"blockMeta":12,"blockName":"tile.blockTempleMossy"},{"blockId":1423,"blockMeta":13,"blockName":"tile.blockTempleMossy"},{"blockId":1423,"blockMeta":14,"blockName":"tile.blockTempleMossy"},{"blockId":1423,"blockMeta":15,"blockName":"tile.blockTempleMossy"},{"blockId":1424,"blockMeta":0,"blockName":"tile.blockTyrian"},{"blockId":1424,"blockMeta":1,"blockName":"tile.blockTyrian"},{"blockId":1424,"blockMeta":2,"blockName":"tile.blockTyrian"},{"blockId":1424,"blockMeta":3,"blockName":"tile.blockTyrian"},{"blockId":1424,"blockMeta":4,"blockName":"tile.blockTyrian"},{"blockId":1424,"blockMeta":5,"blockName":"tile.blockTyrian"},{"blockId":1424,"blockMeta":6,"blockName":"tile.blockTyrian"},{"blockId":1424,"blockMeta":7,"blockName":"tile.blockTyrian"},{"blockId":1424,"blockMeta":8,"blockName":"tile.blockTyrian"},{"blockId":1424,"blockMeta":9,"blockName":"tile.blockTyrian"},{"blockId":1424,"blockMeta":10,"blockName":"tile.blockTyrian"},{"blockId":1424,"blockMeta":11,"blockName":"tile.blockTyrian"},{"blockId":1424,"blockMeta":12,"blockName":"tile.blockTyrian"},{"blockId":1424,"blockMeta":13,"blockName":"tile.blockTyrian"},{"blockId":1424,"blockMeta":14,"blockName":"tile.blockTyrian"},{"blockId":1424,"blockMeta":15,"blockName":"tile.blockTyrian"},{"blockId":1425,"blockMeta":0,"blockName":"tile.wood-birch"},{"blockId":1425,"blockMeta":1,"blockName":"tile.wood-birch"},{"blockId":1425,"blockMeta":2,"blockName":"tile.wood-birch"},{"blockId":1425,"blockMeta":3,"blockName":"tile.wood-birch"},{"blockId":1425,"blockMeta":4,"blockName":"tile.wood-birch"},{"blockId":1425,"blockMeta":5,"blockName":"tile.wood-birch"},{"blockId":1425,"blockMeta":6,"blockName":"tile.wood-birch"},{"blockId":1425,"blockMeta":7,"blockName":"tile.wood-birch"},{"blockId":1425,"blockMeta":8,"blockName":"tile.wood-birch"},{"blockId":1425,"blockMeta":9,"blockName":"tile.wood-birch"},{"blockId":1425,"blockMeta":10,"blockName":"tile.wood-birch"},{"blockId":1425,"blockMeta":11,"blockName":"tile.wood-birch"},{"blockId":1425,"blockMeta":12,"blockName":"tile.wood-birch"},{"blockId":1425,"blockMeta":13,"blockName":"tile.wood-birch"},{"blockId":1425,"blockMeta":14,"blockName":"tile.wood-birch"},{"blockId":1426,"blockMeta":0,"blockName":"tile.wood-jungle"},{"blockId":1426,"blockMeta":1,"blockName":"tile.wood-jungle"},{"blockId":1426,"blockMeta":2,"blockName":"tile.wood-jungle"},{"blockId":1426,"blockMeta":3,"blockName":"tile.wood-jungle"},{"blockId":1426,"blockMeta":4,"blockName":"tile.wood-jungle"},{"blockId":1426,"blockMeta":5,"blockName":"tile.wood-jungle"},{"blockId":1426,"blockMeta":6,"blockName":"tile.wood-jungle"},{"blockId":1426,"blockMeta":7,"blockName":"tile.wood-jungle"},{"blockId":1426,"blockMeta":8,"blockName":"tile.wood-jungle"},{"blockId":1426,"blockMeta":9,"blockName":"tile.wood-jungle"},{"blockId":1426,"blockMeta":10,"blockName":"tile.wood-jungle"},{"blockId":1426,"blockMeta":11,"blockName":"tile.wood-jungle"},{"blockId":1426,"blockMeta":12,"blockName":"tile.wood-jungle"},{"blockId":1426,"blockMeta":13,"blockName":"tile.wood-jungle"},{"blockId":1426,"blockMeta":14,"blockName":"tile.wood-jungle"},{"blockId":1427,"blockMeta":0,"blockName":"tile.wood-oak"},{"blockId":1427,"blockMeta":1,"blockName":"tile.wood-oak"},{"blockId":1427,"blockMeta":2,"blockName":"tile.wood-oak"},{"blockId":1427,"blockMeta":3,"blockName":"tile.wood-oak"},{"blockId":1427,"blockMeta":4,"blockName":"tile.wood-oak"},{"blockId":1427,"blockMeta":5,"blockName":"tile.wood-oak"},{"blockId":1427,"blockMeta":6,"blockName":"tile.wood-oak"},{"blockId":1427,"blockMeta":7,"blockName":"tile.wood-oak"},{"blockId":1427,"blockMeta":8,"blockName":"tile.wood-oak"},{"blockId":1427,"blockMeta":9,"blockName":"tile.wood-oak"},{"blockId":1427,"blockMeta":10,"blockName":"tile.wood-oak"},{"blockId":1427,"blockMeta":11,"blockName":"tile.wood-oak"},{"blockId":1427,"blockMeta":12,"blockName":"tile.wood-oak"},{"blockId":1427,"blockMeta":13,"blockName":"tile.wood-oak"},{"blockId":1427,"blockMeta":14,"blockName":"tile.wood-oak"},{"blockId":1428,"blockMeta":0,"blockName":"tile.wood-spruce"},{"blockId":1428,"blockMeta":1,"blockName":"tile.wood-spruce"},{"blockId":1428,"blockMeta":2,"blockName":"tile.wood-spruce"},{"blockId":1428,"blockMeta":3,"blockName":"tile.wood-spruce"},{"blockId":1428,"blockMeta":4,"blockName":"tile.wood-spruce"},{"blockId":1428,"blockMeta":5,"blockName":"tile.wood-spruce"},{"blockId":1428,"blockMeta":6,"blockName":"tile.wood-spruce"},{"blockId":1428,"blockMeta":7,"blockName":"tile.wood-spruce"},{"blockId":1428,"blockMeta":8,"blockName":"tile.wood-spruce"},{"blockId":1428,"blockMeta":9,"blockName":"tile.wood-spruce"},{"blockId":1428,"blockMeta":10,"blockName":"tile.wood-spruce"},{"blockId":1428,"blockMeta":11,"blockName":"tile.wood-spruce"},{"blockId":1428,"blockMeta":12,"blockName":"tile.wood-spruce"},{"blockId":1428,"blockMeta":13,"blockName":"tile.wood-spruce"},{"blockId":1428,"blockMeta":14,"blockName":"tile.wood-spruce"},{"blockId":1612,"blockMeta":0,"blockName":"tile.bop.amethystOre"},{"blockId":1612,"blockMeta":1,"blockName":"tile.bop.amethystOre"},{"blockId":1612,"blockMeta":2,"blockName":"tile.bop.amethystOre"},{"blockId":1612,"blockMeta":3,"blockName":"tile.bop.amethystOre"},{"blockId":1612,"blockMeta":4,"blockName":"tile.bop.amethystOre"},{"blockId":1612,"blockMeta":5,"blockName":"tile.bop.amethystOre"},{"blockId":1612,"blockMeta":6,"blockName":"tile.bop.amethystOre"},{"blockId":1612,"blockMeta":7,"blockName":"tile.bop.amethystOre"},{"blockId":1612,"blockMeta":8,"blockName":"tile.bop.amethystOre"},{"blockId":1612,"blockMeta":9,"blockName":"tile.bop.amethystOre"},{"blockId":1612,"blockMeta":10,"blockName":"tile.bop.amethystOre"},{"blockId":1612,"blockMeta":11,"blockName":"tile.bop.amethystOre"},{"blockId":1612,"blockMeta":12,"blockName":"tile.bop.amethystOre"},{"blockId":1612,"blockMeta":13,"blockName":"tile.bop.amethystOre"},{"blockId":1617,"blockMeta":0,"blockName":"tile.bop.leavesColorized1"},{"blockId":1617,"blockMeta":1,"blockName":"tile.bop.leavesColorized1"},{"blockId":1617,"blockMeta":2,"blockName":"tile.bop.leavesColorized1"},{"blockId":1617,"blockMeta":3,"blockName":"tile.bop.leavesColorized1"},{"blockId":1620,"blockMeta":0,"blockName":"tile.bop.leavesColorized2"},{"blockId":1620,"blockMeta":1,"blockName":"tile.bop.leavesColorized2"},{"blockId":1623,"blockMeta":0,"blockName":"tile.bop.generic.crystal"},{"blockId":1629,"blockMeta":0,"blockName":"tile.bop.leavesFruit2"},{"blockId":1630,"blockMeta":0,"blockName":"tile.bop.leavesFruit"},{"blockId":1633,"blockMeta":0,"blockName":"tile.bop.hive"},{"blockId":1633,"blockMeta":1,"blockName":"tile.bop.hive"},{"blockId":1633,"blockMeta":2,"blockName":"tile.bop.hive"},{"blockId":1633,"blockMeta":3,"blockName":"tile.bop.hive"},{"blockId":1638,"blockMeta":0,"blockName":"tile.bop.leaves1"},{"blockId":1638,"blockMeta":1,"blockName":"tile.bop.leaves1"},{"blockId":1638,"blockMeta":2,"blockName":"tile.bop.leaves1"},{"blockId":1638,"blockMeta":3,"blockName":"tile.bop.leaves1"},{"blockId":1639,"blockMeta":0,"blockName":"tile.bop.leaves2"},{"blockId":1639,"blockMeta":1,"blockName":"tile.bop.leaves2"},{"blockId":1639,"blockMeta":2,"blockName":"tile.bop.leaves2"},{"blockId":1639,"blockMeta":3,"blockName":"tile.bop.leaves2"},{"blockId":1640,"blockMeta":0,"blockName":"tile.bop.leaves3"},{"blockId":1640,"blockMeta":1,"blockName":"tile.bop.leaves3"},{"blockId":1640,"blockMeta":2,"blockName":"tile.bop.leaves3"},{"blockId":1640,"blockMeta":3,"blockName":"tile.bop.leaves3"},{"blockId":1641,"blockMeta":0,"blockName":"tile.bop.leaves4"},{"blockId":1641,"blockMeta":1,"blockName":"tile.bop.leaves4"},{"blockId":1642,"blockMeta":0,"blockName":"tile.bop.wood1"},{"blockId":1642,"blockMeta":1,"blockName":"tile.bop.wood1"},{"blockId":1642,"blockMeta":2,"blockName":"tile.bop.wood1"},{"blockId":1642,"blockMeta":3,"blockName":"tile.bop.wood1"},{"blockId":1643,"blockMeta":0,"blockName":"tile.bop.wood2"},{"blockId":1643,"blockMeta":1,"blockName":"tile.bop.wood2"},{"blockId":1643,"blockMeta":2,"blockName":"tile.bop.wood2"},{"blockId":1643,"blockMeta":3,"blockName":"tile.bop.wood2"},{"blockId":1644,"blockMeta":0,"blockName":"tile.bop.wood3"},{"blockId":1644,"blockMeta":1,"blockName":"tile.bop.wood3"},{"blockId":1644,"blockMeta":2,"blockName":"tile.bop.wood3"},{"blockId":1644,"blockMeta":3,"blockName":"tile.bop.wood3"},{"blockId":1645,"blockMeta":0,"blockName":"tile.bop.wood4"},{"blockId":1645,"blockMeta":1,"blockName":"tile.bop.wood4"},{"blockId":1645,"blockMeta":2,"blockName":"tile.bop.wood4"},{"blockId":1650,"blockMeta":0,"blockName":"tile.bop.generic.mud_brick"},{"blockId":1655,"blockMeta":0,"blockName":"tile.bop.planks"},{"blockId":1655,"blockMeta":1,"blockName":"tile.bop.planks"},{"blockId":1655,"blockMeta":2,"blockName":"tile.bop.planks"},{"blockId":1655,"blockMeta":3,"blockName":"tile.bop.planks"},{"blockId":1655,"blockMeta":4,"blockName":"tile.bop.planks"},{"blockId":1655,"blockMeta":5,"blockName":"tile.bop.planks"},{"blockId":1655,"blockMeta":6,"blockName":"tile.bop.planks"},{"blockId":1655,"blockMeta":7,"blockName":"tile.bop.planks"},{"blockId":1655,"blockMeta":8,"blockName":"tile.bop.planks"},{"blockId":1655,"blockMeta":9,"blockName":"tile.bop.planks"},{"blockId":1655,"blockMeta":10,"blockName":"tile.bop.planks"},{"blockId":1655,"blockMeta":11,"blockName":"tile.bop.planks"},{"blockId":1655,"blockMeta":12,"blockName":"tile.bop.planks"},{"blockId":1655,"blockMeta":13,"blockName":"tile.bop.planks"},{"blockId":1665,"blockMeta":0,"blockName":"tile.bop.stoneDoubleSlab"},{"blockId":1665,"blockMeta":1,"blockName":"tile.bop.stoneDoubleSlab"},{"blockId":1665,"blockMeta":2,"blockName":"tile.bop.stoneDoubleSlab"},{"blockId":1665,"blockMeta":3,"blockName":"tile.bop.stoneDoubleSlab"},{"blockId":1665,"blockMeta":4,"blockName":"tile.bop.stoneDoubleSlab"},{"blockId":1671,"blockMeta":0,"blockName":"tile.bop.woodenDoubleSlab1"},{"blockId":1671,"blockMeta":1,"blockName":"tile.bop.woodenDoubleSlab1"},{"blockId":1671,"blockMeta":2,"blockName":"tile.bop.woodenDoubleSlab1"},{"blockId":1671,"blockMeta":3,"blockName":"tile.bop.woodenDoubleSlab1"},{"blockId":1671,"blockMeta":4,"blockName":"tile.bop.woodenDoubleSlab1"},{"blockId":1671,"blockMeta":5,"blockName":"tile.bop.woodenDoubleSlab1"},{"blockId":1671,"blockMeta":6,"blockName":"tile.bop.woodenDoubleSlab1"},{"blockId":1671,"blockMeta":7,"blockName":"tile.bop.woodenDoubleSlab1"},{"blockId":1672,"blockMeta":0,"blockName":"tile.bop.woodenDoubleSlab2"},{"blockId":1672,"blockMeta":1,"blockName":"tile.bop.woodenDoubleSlab2"},{"blockId":1672,"blockMeta":2,"blockName":"tile.bop.woodenDoubleSlab2"},{"blockId":1672,"blockMeta":3,"blockName":"tile.bop.woodenDoubleSlab2"},{"blockId":1672,"blockMeta":4,"blockName":"tile.bop.woodenDoubleSlab2"},{"blockId":1851,"blockMeta":0,"blockName":"tile.null"},{"blockId":1856,"blockMeta":0,"blockName":"tile.antHillForest"},{"blockId":1857,"blockMeta":0,"blockName":"tile.antHillDesert"},{"blockId":1858,"blockMeta":0,"blockName":"tile.antHillJungle"},{"blockId":1859,"blockMeta":0,"blockName":"tile.antHillPlains"},{"blockId":1860,"blockMeta":0,"blockName":"tile.antHillSnow"},{"blockId":1861,"blockMeta":0,"blockName":"tile.antHillStone"},{"blockId":1862,"blockMeta":0,"blockName":"tile.antHillSwamp"},{"blockId":1863,"blockMeta":0,"blockName":"tile.antHillWater"},{"blockId":1912,"blockMeta":0,"blockName":"tile.wyvernia_plain1side"},{"blockId":1914,"blockMeta":0,"blockName":"tile.snow_side"},{"blockId":1915,"blockMeta":0,"blockName":"tile.wyverniastone"},{"blockId":1916,"blockMeta":0,"blockName":"tile.wood"},{"blockId":1916,"blockMeta":1,"blockName":"tile.wood"},{"blockId":2256,"blockMeta":0,"blockName":"tile.ForgeFiller"},{"blockId":2257,"blockMeta":0,"blockName":"tile.ForgeFiller"},{"blockId":2258,"blockMeta":0,"blockName":"tile.ForgeFiller"},{"blockId":2259,"blockMeta":0,"blockName":"tile.ForgeFiller"},{"blockId":2260,"blockMeta":0,"blockName":"tile.ForgeFiller"},{"blockId":2261,"blockMeta":0,"blockName":"tile.ForgeFiller"},{"blockId":2262,"blockMeta":0,"blockName":"tile.ForgeFiller"},{"blockId":2263,"blockMeta":0,"blockName":"tile.ForgeFiller"},{"blockId":2264,"blockMeta":0,"blockName":"tile.ForgeFiller"},{"blockId":2265,"blockMeta":0,"blockName":"tile.ForgeFiller"},{"blockId":2266,"blockMeta":0,"blockName":"tile.ForgeFiller"},{"blockId":2267,"blockMeta":0,"blockName":"tile.ForgeFiller"},{"blockId":2330,"blockMeta":0,"blockName":"tile.orequantum"},{"blockId":2331,"blockMeta":0,"blockName":"tile.orequantum"}]}