{"smelting":
	[
		{
			"input":"bottlewater",
			"output":"salt",
			"outputAmount":8
		},

		{
			"input":"minecraft:cooked_beef",
			"output":"jerky",
			"outputAmount":2
		},

		{
			"input":"minecraft:cooked_porkchop",
			"output":"bacon",
			"outputAmount":2
		},

		{
			"input":"dough",
			"output":"toast",
			"outputAmount":2
		},

		{
			"input":"uncookedrice",
			"output":"steamedrice"
		},

		{
			"input":"uncookedfrenchfries",
			"output":"frenchfries"
		},

		{
			"input":"uncookedbeans",
			"output":"cookedbeans"
		},

		{
			"input":"uncookedfruitpie",
			"output":"fruitpie"
		},

		{
			"input":"uncookedtea",
			"output":"cuptea"
		},

		{
			"input":"minecraft:egg",
			"output":"friedegg"
		},

		{
			"input":"uncookedbatwing",
			"output":"friedbatwing"
		}
	]
}