<!--
This is the user configurable SAG Mill recipe file. This file will not be modified or removed by EnderIO.

Adding new Recipes:
For details of how to add a new recipe please see the documentation at the top of SAGMillRecipes_Core.xml.

Removing Recipes:
To disable all recipes within a group, in this example Forestry, include the following in this file:

<recipeGroup name="Forestry" enabled="false"/>

To disable individual recipes, simply provide an invalid recipe for them:

<recipeGroup name="Applied Energistics">
  <recipe name="CertusQuartzOre"/>
</recipeGroup>

To change an existing recipe, just add the recipe to this file using the same recipe group and recipe name as
found in the core file.
 
-->

<!-- Disables all recipes in the group 'Vanilla'
<recipeGroup name="Vanilla" enabled="false"/> 
-->

<!-- Disables the glass recipes in the group 'Vanilla' 
<recipeGroup name="Vanilla"> 
  <recipe name="Glass"/> 
</recipeGroup>
-->


<!-- Modify a core recipe defination, in this case, make glass give diamonds. 
<recipeGroup name="Vanilla">
  <recipe name="Glass" energyCost="120"> 
      <input>
        <itemStack itemID="20" />
      </input>
      <output>
        <itemStack itemID="264" />
      </output>
    </recipe>
</recipeGroup>
-->

<!-- Adding a new recipe to a new group 
<recipeGroup name="CrazyPantsGroup">
  <recipe name="SolarToGlass" energyCost="120"> 
      <input>
        <itemStack modID="EnderIO" itemName="enderIO:blockSolarPanel"/>
      </input>
      <output>
        <itemStack itemID="20" />
      </output>
    </recipe>
</recipeGroup>
-->

<SAGMillRecipes> 
<recipeGroup name="EnderIO">
	<recipe name="CoalOre" energyCost="320">
      <input>
        <itemStack itemID="16" />
      </input>
      <output>
        <itemStack itemID="263" number="2" />      
        <itemStack oreDictionary="dustCoal" chance="0.1" />      
        <itemStack itemID="4" chance="0.15" />      
        <itemStack itemID="264" chance="0.001" />
      </output>
    </recipe>
    
    <recipe name="Coal" energyCost="240">
      <input>
        <itemStack itemID="263" />
      </input>
      <output>
        <itemStack oreDictionary="dustCoal" />
        <itemStack oreDictionary="dustCoal" chance="0.05" />      
        <itemStack oreDictionary="dustSulfur" chance="0.10" />
      </output>
    </recipe>
    
    <recipe name="IronOre" energyCost="400">
      <input>
        <itemStack oreDictionary="oreIron" />
      </input>
      <output>
        <itemStack oreDictionary="dustIron" number="2" />      
        <itemStack oreDictionary="dustTin" number="1" chance="0.05" />      
        <itemStack oreDictionary="dustNickel" number="1" chance="0.1" />      
        <itemStack itemID="4" chance="0.15" />
      </output>
    </recipe>

    <recipe name="IronIngot" energyCost="240">
      <input>
        <itemStack itemID="265" />      
        <itemStack oreDictionary="ingotIron" />
      </input>
      <output>
        <itemStack oreDictionary="dustIron" />
      </output>
    </recipe>
    
    <recipe name="GoldOre" energyCost="400">
      <input>
        <itemStack oreDictionary="oreGold" />
      </input>
      <output>
        <itemStack oreDictionary="dustGold" number="2" />      
        <itemStack oreDictionary="dustCopper" number="1" chance="0.15" />      
        <itemStack itemID="4" chance="0.15" />
      </output>
    </recipe>
    
    <recipe name="GoldIngot" energyCost="240">
      <input>
        <itemStack itemID="266" />
        <itemStack oreDictionary="ingotGold" />
      </input>
      <output>
        <itemStack oreDictionary="dustGold" />
      </output>
    </recipe>
    
</recipeGroup>

<recipeGroup name="Vanilla">

	<recipe name="Cobblestone" energyCost="320">
      <input>
        <itemStack itemID="4" />
      </input>
      <output>
        <itemStack itemID="12" />
        <itemStack itemID="13" chance="0.10" />
      </output>
    </recipe>

	<recipe name="Netherrack" energyCost="320">
      <input>
        <itemStack itemID="87" />
      </input>
      <output>
        <itemStack itemID="13" number="1" />
        <itemStack oreDictionary="dustSulfur" chance="0.10" />
      </output>
    </recipe>
    
    <recipe name="GlowStone" energyCost="240">
      <input>
        <itemStack itemID="89" />
      </input>
      <output>
        <itemStack itemID="348" number="4" />
      </output>
    </recipe>
    
    <recipe name="Sugarcane" energyCost="80">
      <input>
        <itemStack itemID="338" />
      </input>
      <output>
        <itemStack oreDictionary="dustSugar" number="2" />
      </output>
    </recipe>
    
    <recipe name="BlazeRod" energyCost="160">
      <input>
        <itemStack itemID="369" />
      </input>
      <output>
        <itemStack itemID="377" number="4" />
        <itemStack oreDictionary="dustSulfur" chance="0.50" />
      </output>
    </recipe>

	<recipe name="RedstoneOre" energyCost="320">
      <input>
        <itemStack itemID="73" />
      </input>
      <output>
        <itemStack itemID="331" number="6" />
        <itemStack itemID="331" number="1" chance="0.15" />
        <itemStack modID="EnderIO" itemName="enderIO:itemMaterial" itemMeta="0" chance="0.8" />
        <itemStack itemID="4" chance="0.15" />
      </output>
    </recipe>

    <recipe name="LapisLazuliOre" energyCost="300">
      <input>
        <itemStack itemID="21" />
      </input>
      <output>
        <itemStack itemID="351" itemMeta="4" number="8" />
        <itemStack itemID="351" itemMeta="4" number="1" chance="0.8" />
        <itemStack itemID="4" chance="0.15" />
      </output>
    </recipe>
    
    <recipe name="DiamondOre" energyCost="240">
      <input>
        <itemStack oreDictionary="oreDiamond" />
      </input>
      <output>
        <itemStack itemID="264" />
        <itemStack itemID="264" chance="0.15" />
        <itemStack itemID="4" chance="0.15" />
      </output>
    </recipe>
    
    <recipe name="EmeraldOre" energyCost="240">
      <input>
        <itemStack oreDictionary="oreEmerald" />
      </input>
      <output>
        <itemStack oreDictionary="gemEmerald" />
        <itemStack oreDictionary="gemEmerald" chance="0.15" />
        <itemStack itemID="4" chance="0.15" />
      </output>
    </recipe>
    
    <recipe name="Quartz Ore" energyCost="240">
      <input>
        <itemStack itemID="153" />
      </input>
      <output>
        <itemStack oreDictionary="gemNetherQuartz" number="2" />
        <itemStack oreDictionary="gemNetherQuartz" chance="0.10" />
        <itemStack oreDictionary="dustSulfur" chance="0.10" />
      </output>
    </recipe>
    
</recipeGroup>

<recipeGroup name="Common Ores/Ingots">

    <recipe name="CopperOre" energyCost="400">
      <input>
        <itemStack oreDictionary="oreCopper" />
      </input>
      <output>
        <itemStack oreDictionary="dustCopper" number="2" />
        <itemStack oreDictionary="dustGold" chance="0.15" />
        <itemStack itemID="4" chance="0.15" />
      </output>
    </recipe>
    
    <recipe name="CopperIngot" energyCost="240">
      <input>
        <itemStack oreDictionary="ingotCopper" />
      </input>
      <output>
        <itemStack oreDictionary="dustCopper" />
      </output>
    </recipe>

    <recipe name="TinOre" energyCost="400">
      <input>
        <itemStack oreDictionary="oreTin" />
      </input>
      <output>
        <itemStack oreDictionary="dustTin" number="2" />
        <itemStack oreDictionary="dustIron" chance="0.15" />
        <itemStack itemID="4" chance="0.15" />
      </output>
    </recipe>

    <recipe name="TinIngot" energyCost="240">
      <input>
        <itemStack oreDictionary="ingotTin" />
      </input>
      <output>
        <itemStack oreDictionary="dustTin" />
      </output>
    </recipe>

    <recipe name="LeadOre" energyCost="400">
      <input>
        <itemStack oreDictionary="oreLead" />
      </input>
      <output>
        <itemStack oreDictionary="dustLead" number="2" />
        <itemStack oreDictionary="dustSilver" chance="0.15" />
        <itemStack itemID="4" chance="0.15" />
      </output>
    </recipe>

    <recipe name="LeadIngot" energyCost="240">
      <input>
        <itemStack oreDictionary="ingotLead" />
      </input>
      <output>
        <itemStack oreDictionary="dustLead" />
      </output>
    </recipe>

    <recipe name="SilverOre" energyCost="400">
      <input>
        <itemStack oreDictionary="oreSilver" />
      </input>
      <output>
        <itemStack oreDictionary="dustSilver" number="2" />
        <itemStack oreDictionary="dustLead" chance="0.15" />
      </output>
    </recipe>

    <recipe name="SilverIngot" energyCost="240">
      <input>
        <itemStack oreDictionary="ingotSilver" />
      </input>
      <output>
        <itemStack oreDictionary="dustSilver" />
      </output>
    </recipe>

    <recipe name="BronzeIngot" energyCost="240">
      <input>
        <itemStack oreDictionary="ingotBronze" />
      </input>
      <output>
        <itemStack oreDictionary="dustBronze" />
      </output>
    </recipe>

    <recipe name="NickelIngot" energyCost="240">
      <input>
        <itemStack oreDictionary="ingotNickel" />
      </input>
      <output>
        <itemStack oreDictionary="dustNickel" />
      </output>
    </recipe>

    <recipe name="NickelOre" energyCost="400">
      <input>
        <itemStack oreDictionary="oreNickel" />
      </input>
      <output>
        <itemStack oreDictionary="dustNickel" number="2" />
        <itemStack oreDictionary="dustPlatinum" chance="0.15" />
      </output>
    </recipe>

</recipeGroup>
   
<recipeGroup name="Mekanism" >
    
    <!-- Metals -->
    <recipe name="OsmiumOre" energyCost="400">
        <input>
            <itemStack oreDictionary="oreOsmium" />
        </input>
        <output>
            <itemStack oreDictionary="dustOsmium" number="2" />
            <itemStack oreDictionary="dustOsmium" number="1"
            chance="0.10" />
        </output>
    </recipe>
    
    <!-- Alloys and Ingots -->
    <recipe name="OsmiumIngot" energyCost="240">
        <input>
            <itemStack oreDictionary="ingotOsmium" />
        </input>
        <output>
            <itemStack oreDictionary="dustOsmium" number="1" />
        </output>
    </recipe>
    
    
    <!-- Blocks -->
    <recipe name="OsmiumBlock" energyCost="360">
        <input>
            <itemStack oreDictionary="blockOsmium" />
        </input>
        <output>
            <itemStack oreDictionary="dustOsmium" number="9" />
        </output>
    </recipe>
</recipeGroup>

<recipeGroup name="IC2">
    <recipe name="Uranium Ore" energyCost="400">
      <input>
        <itemStack oreDictionary="oreUranium"/>
      </input>
      <output>
        <itemStack oreDictionary="crushedUranium" number="2"/>
        <itemStack itemID="4" number="1" chance="0.25"/>
      </output>
    </recipe>
</recipeGroup>

<recipeGroup name="GT">
    <recipe name="Sheldonite Ore" energyCost="400">
      <input>
        <itemStack oreDictionary="oreCooperite"/>
      </input>
      <output>
        <itemStack oreDictionary="dustPlatinum" number="2"/>
        <itemStack itemID="4" number="1" chance="0.25"/>
      </output>
    </recipe>
</recipeGroup>

<recipeGroup name="Engineer's Toolbox">
    
    <!-- Metals -->
    <recipe name="NickelOre" energyCost="400">
        <input>
            <itemStack oreDictionary="oreNickel" />
        </input>
        <output>
            <itemStack oreDictionary="dustNickel" number="2" />
            <itemStack oreDictionary="dustIron" number="1"
            chance="0.05" />
        </output>
    </recipe>
    <recipe name="AluminumOre" energyCost="400">
        <input>
            <itemStack oreDictionary="oreAluminum" />
        </input>
        <output>
            <itemStack oreDictionary="dustAluminum" number="2" />
        </output>
    </recipe>
    
    <!-- Alloys and Ingots -->
    <recipe name="NickelIngot" energyCost="240">
        <input>
            <itemStack oreDictionary="ingotNickel" />
        </input>
        <output>
            <itemStack oreDictionary="dustNickel" number="1" />
        </output>
    </recipe>
    <recipe name="AluminumIngot" energyCost="240">
        <input>
            <itemStack oreDictionary="ingotAluminum" />
        </input>
        <output>
            <itemStack oreDictionary="dustAluminum" number="1" />
        </output>
    </recipe>
    
    
    <!-- Blocks -->
    <recipe name="NickelBlock" energyCost="360">
        <input>
            <itemStack oreDictionary="blockNickel" />
        </input>
        <output>
            <itemStack oreDictionary="dustNickel" number="9" />
        </output>
    </recipe>
    <recipe name="AluminumBlock" energyCost="360">
        <input>
            <itemStack oreDictionary="blockAluminum" />
        </input>
        <output>
            <itemStack oreDictionary="dustAluminum" number="9" />
        </output>
    </recipe>
</recipeGroup>

<recipeGroup name="BigReactors">
<!-- Metals -->
       <recipe name="YelloriteOre" energyCost="400">
         <input>
             <itemStack oreDictionary="oreYellorite" />
         </input>
         <output>
             <itemStack oreDictionary="dustYellorium" number="2" />
             <itemStack oreDictionary="dustYellorium" number="1" chance="0.1" />
         </output>
       </recipe>

<!-- Alloys and Ingots -->
       <recipe name="YelloriteIngot" energyCost="240">
         <input>
             <itemStack oreDictionary="ingotYellorium" />
         </input>
         <output>
             <itemStack oreDictionary="dustYellorium" number="1" />

         </output>
       </recipe>
       <recipe name="CyaniteIngot" energyCost="240">
         <input>
             <itemStack oreDictionary="ingotCyanite" />
         </input>
         <output>
             <itemStack oreDictionary="dustCyanite" number="1" />
         </output>
       </recipe>
       <recipe name="BlutoniumIngot" energyCost="240">
         <input>
             <itemStack oreDictionary="ingotBlutonium" />
         </input>
         <output>
             <itemStack oreDictionary="dustBlutonium"/>
         </output>
       </recipe>
       <recipe name="GraphiteIngot" energyCost="240">
         <input>
             <itemStack oreDictionary="ingotGraphite" />
         </input>
         <output>
             <itemStack oreDictionary="dustGraphite" number="1" />
         </output>
       </recipe>
</recipeGroup>

<recipeGroup name="TinkersConstruct">
      <recipe name="ObsidianIngot" energyCost="240">
        <input>
          <itemStack oreDictionary="ingotObsidian"/>
        </input>
        <output>
          <itemStack oreDictionary="dustObsidian" number="1" />
        </output>
      </recipe>
</recipeGroup>

<recipeGroup name="Applied Energistics">

    <recipe name="CertusQuartzOre" energyCost="240">
      <input>
        <itemStack oreDictionary="oreCertusQuartz" />
      </input>
      <output>
        <itemStack oreDictionary="crystalCertusQuartz" />
        <itemStack oreDictionary="dustCertusQuartz" chance="0.15" />
      </output>
    </recipe>

    <recipe name="CertusQuartzCrystal " energyCost="240">
      <input>
        <itemStack oreDictionary="crystalCertusQuartz" />
      </input>
      <output>
        <itemStack oreDictionary="dustCertusQuartz" />
      </output>
    </recipe>

    <recipe name="NetherQuartzOre" energyCost="360">
      <input>
        <itemStack itemID="153" />
      </input>
      <output>
        <itemStack itemID="406" number="2" />
        <itemStack oreDictionary="dustNetherQuartz" />
      </output>
    </recipe>

    <recipe name="NetherQuartz" energyCost="240">
      <input>
        <itemStack itemID="406" />
      </input>
      <output>
        <itemStack oreDictionary="dustNetherQuartz" />
      </output>
    </recipe>
  </recipeGroup>
  
  
<recipeGroup name="Nether Ores">
  
    <recipe name="Nether Coal" energyCost="480">
      <input>
        <itemStack oreDictionary="oreNetherCoal"/>
      </input>
      <output>
        <itemStack oreDictionary="coal" number="4"/>
        <itemStack oreDictionary="coal" number="1" chance="0.25"/>
        <itemStack oreDictionary="stoneNetherrack" number="1" chance="0.25"/>
      </output>
    </recipe>
    
    <recipe name="Nether Diamond" energyCost="480">
      <input>
        <itemStack oreDictionary="oreNetherDiamond"/>
      </input>
      <output>
        <itemStack itemID="264" number="4"/>
        <itemStack itemID="264" number="1" chance="0.1"/>
        <itemStack oreDictionary="stoneNetherrack" number="1" chance="0.25"/>
      </output>
    </recipe>
    
    <recipe name="Nether Gold" energyCost="480">
      <input>
        <itemStack oreDictionary="oreNetherGold"/>
      </input>
      <output>
        <itemStack oreDictionary="dustGold" number="4"/>
        <itemStack oreDictionary="dustCopper" number="1" chance="0.5"/>
        <itemStack oreDictionary="stoneNetherrack" number="1" chance="0.25"/>
      </output>
    </recipe>
    
    <recipe name="Nether Iron" energyCost="480">
      <input>
        <itemStack oreDictionary="oreNetherIron"/>
      </input>
      <output>
        <itemStack oreDictionary="dustIron" number="4"/>
        <itemStack oreDictionary="dustTin" number="1" chance="0.1"/>
        <itemStack oreDictionary="dustNickel" number="1" chance="0.2"/>
        <itemStack oreDictionary="stoneNetherrack" number="1" chance="0.25"/>
      </output>
    </recipe>
    
    <recipe name="Nether Lapis" energyCost="480">
      <input>
        <itemStack oreDictionary="oreNetherLapis"/>
      </input>
      <output>
        <itemStack oreDictionary="gemLapis" number="24"/>
        <itemStack oreDictionary="gemLapis" number="4" chance="0.2"/>
        <itemStack oreDictionary="stoneNetherrack" number="1" chance="0.25"/>
      </output>
    </recipe>
    
    <recipe name="Nether Redstone" energyCost="480">
      <input>
        <itemStack oreDictionary="oreNetherRedstone"/>
      </input>
      <output>
        <itemStack oreDictionary="dustRedstone" number="24"/>
        <itemStack oreDictionary="dustRedstone" number="4" chance="0.2"/>
        <itemStack oreDictionary="stoneNetherrack" number="1" chance="0.25"/>
      </output>
    </recipe>
    
    <recipe name="Nether Copper" energyCost="480">
      <input>
        <itemStack oreDictionary="oreNetherCopper"/>
      </input>
      <output>
        <itemStack oreDictionary="dustCopper" number="4"/>
        <itemStack oreDictionary="dustGold" number="1" chance="0.5"/>
        <itemStack oreDictionary="stoneNetherrack" number="1" chance="0.25"/>
      </output>
    </recipe>
    
    <recipe name="Nether Tin" energyCost="480">
      <input>
        <itemStack oreDictionary="oreNetherTin"/>
      </input>
      <output>
        <itemStack oreDictionary="dustTin" number="4"/>
        <itemStack oreDictionary="dustIron" number="1" chance="0.1"/>
        <itemStack oreDictionary="stoneNetherrack" number="1" chance="0.25"/>
      </output>
    </recipe>
    
    <recipe name="Nether Emerald" energyCost="480">
      <input>
        <itemStack oreDictionary="oreNetherEmerald"/>
      </input>
      <output>
        <itemStack oreDictionary="gemEmerald" number="4"/>
        <itemStack oreDictionary="dustEmerald" number="1" chance="0.25"/>
        <itemStack oreDictionary="stoneNetherrack" number="1" chance="0.25"/>
      </output>
    </recipe>
    
    <recipe name="Nether Silver" energyCost="480">
      <input>
        <itemStack oreDictionary="oreNetherSilver"/>
      </input>
      <output>
        <itemStack oreDictionary="dustSilver" number="4"/>
        <itemStack oreDictionary="dustLead" number="1" chance="0.5"/>
        <itemStack oreDictionary="stoneNetherrack" number="1" chance="0.25"/>
      </output>
    </recipe>
    
    <recipe name="Nether Lead" energyCost="480">
      <input>
        <itemStack oreDictionary="oreNetherLead"/>
      </input>
      <output>
        <itemStack oreDictionary="dustLead" number="4"/>
        <itemStack oreDictionary="dustSilver" number="1" chance="0.5"/>
        <itemStack oreDictionary="stoneNetherrack" number="1" chance="0.25"/>
      </output>
    </recipe>
       
    <recipe name="Nether Uranium" energyCost="480">
      <input>
        <itemStack oreDictionary="oreNetherUranium"/>
      </input>
      <output>
        <itemStack oreDictionary="crushedUranium" number="4"/>
        <itemStack oreDictionary="stoneNetherrack" number="1" chance="0.25"/>
      </output>
    </recipe>
       
    <recipe name="Nether Ruby" energyCost="480">
      <input>
        <itemStack oreDictionary="oreNetherRuby"/>
      </input>
      <output>
        <itemStack oreDictionary="gemRuby" number="4"/>
        <itemStack oreDictionary="dustRuby" number="1" chance="0.25"/>
        <itemStack oreDictionary="stoneNetherrack" number="1" chance="0.25"/>
      </output>
    </recipe>
       
    <recipe name="Nether Peridot" energyCost="480">
      <input>
        <itemStack oreDictionary="oreNetherOlivine"/>
      </input>
      <output>
        <itemStack oreDictionary="gemOlivine" number="4"/>
        <itemStack oreDictionary="dustOlivine" number="1" chance="0.25"/>
        <itemStack oreDictionary="stoneNetherrack" number="1" chance="0.25"/>
      </output>
    </recipe>
       
    <recipe name="Nether Sapphire" energyCost="480">
      <input>
        <itemStack oreDictionary="oreNetherSapphire"/>
      </input>
      <output>
        <itemStack oreDictionary="gemSapphire" number="4"/>
        <itemStack oreDictionary="dustSapphire" number="1" chance="0.25"/>
        <itemStack oreDictionary="stoneNetherrack" number="1" chance="0.25"/>
      </output>
    </recipe>
       
    <recipe name="Nether Platinum" energyCost="480">
      <input>
        <itemStack oreDictionary="oreNetherPlatinum"/>
      </input>
      <output>
        <itemStack oreDictionary="dustPlatinum" number="4"/>
        <itemStack oreDictionary="dustNickel" number="1" chance="0.5"/>
        <itemStack itemID="264" number="1" chance="0.01"/>
        <itemStack oreDictionary="stoneNetherrack" number="1" chance="0.25"/>
      </output>
    </recipe>
       
    <recipe name="Nether Nickel" energyCost="480">
      <input>
        <itemStack oreDictionary="oreNetherNickel"/>
      </input>
      <output>
        <itemStack oreDictionary="dustNickel" number="4"/>
        <itemStack oreDictionary="dustIron" number="1" chance="0.5"/>
        <itemStack oreDictionary="stoneNetherrack" number="1" chance="0.25"/>
      </output>
    </recipe>
           
    <recipe name="Nether Steel" energyCost="480">
      <input>
        <itemStack oreDictionary="oreNetherSteel"/>
      </input>
      <output>
        <itemStack oreDictionary="dustSteel" number="4"/>
        <itemStack oreDictionary="dustIron" number="1" chance="0.25"/>
        <itemStack oreDictionary="stoneNetherrack" number="1" chance="0.25"/>
      </output>
    </recipe> 
    
    <recipe name="Nether Iridium" energyCost="480">
      <input>
        <itemStack oreDictionary="oreNetherIridium"/>
      </input>
      <output>
        <itemStack oreDictionary="dustIridium" number="4"/>
        <itemStack itemID="264" number="1" chance="0.25"/>
        <itemStack oreDictionary="stoneNetherrack" number="1" chance="0.25"/>
      </output>
    </recipe>
    
    <recipe name="Nether Osmium" energyCost="480">
      <input>
        <itemStack oreDictionary="oreNetherOsmium"/>
      </input>
      <output>
        <itemStack oreDictionary="dustOsmium" number="4"/>
        <itemStack oreDictionary="dustOsmium" number="2" chance="0.15"/>
        <itemStack oreDictionary="stoneNetherrack" number="1" chance="0.25"/>
      </output>
    </recipe>
    
</recipeGroup>

</SAGMillRecipes>
