{
  "minecraft:cobblestone:0": [
    {
      "stack": {
        "name": "minecraft:gravel",
        "amount": 1,
        "meta": 0
      },
      "miningLevel": 0,
      "chance": 1.0,
      "fortuneChance": 0.0
    }
  ],
  "minecraft:sand:0": [
    {
      "stack": {
        "name": "exnihilocreatio:block_dust",
        "amount": 1,
        "meta": 0
      },
      "miningLevel": 0,
      "chance": 1.0,
      "fortuneChance": 0.0
    }
  ],
  "minecraft:end_stone:0": [
    {
      "stack": {
        "name": "exnihilocreatio:block_endstone_crushed",
        "amount": 1,
        "meta": 0
      },
      "miningLevel": 0,
      "chance": 1.0,
      "fortuneChance": 0.0
    }
  ],
  "minecraft:gravel:0": [
    {
      "stack": {
        "name": "minecraft:sand",
        "amount": 1,
        "meta": 0
      },
      "miningLevel": 0,
      "chance": 1.0,
      "fortuneChance": 0.0
    }
  ],
  "minecraft:netherrack:0": [
    {
      "stack": {
        "name": "exnihilocreatio:block_netherrack_crushed",
        "amount": 1,
        "meta": 0
      },
      "miningLevel": 0,
      "chance": 1.0,
      "fortuneChance": 0.0
    }
  ],
  "minecraft:stone:0": [
    {
      "stack": {
        "name": "exnihilocreatio:item_pebble",
        "amount": 1,
        "meta": 0
      },
      "miningLevel": 1,
      "chance": 3.0,
      "fortuneChance": 1.25
    }
  ],
  "minecraft:stone:5": [
    {
      "stack": {
        "name": "exnihilocreatio:item_pebble",
        "amount": 1,
        "meta": 3
      },
      "miningLevel": 1,
      "chance": 3.0,
      "fortuneChance": 1.25
    }
  ],
  "minecraft:stone:1": [
    {
      "stack": {
        "name": "exnihilocreatio:item_pebble",
        "amount": 1,
        "meta": 1
      },
      "miningLevel": 1,
      "chance": 3.0,
      "fortuneChance": 1.25
    }
  ],
  "minecraft:stone:3": [
    {
      "stack": {
        "name": "exnihilocreatio:item_pebble",
        "amount": 1,
        "meta": 2
      },
      "miningLevel": 1,
      "chance": 3.0,
      "fortuneChance": 1.25
    }
  ]
}