<!--
 IMPORTANT:
  This is the core recipe file. Modifying this file will have no effect. It will be rewritten by EnderIO and all
  modifications made to it will be lost. To add or modify recipes please use 'OreDictionaryPreferences_User.xml'.

  This file contains the preferred outputs from Ender IO machines for items registered in the OreDictionary. Details of
  itemStack definition can be found in 'SAGMillRecipes_Core.xml'.

 Item Information and data dumps:

  To write all registered items to config/modObjectsRegistery.txt include:

  <dumpRegistry modObjects="true" />

  To write the contents of the ore dictionary to config/oreDictionaryRegistery.txt include:

  <dumpRegistery oreDictionary="true" />

  To show ore dictionary and/or registered names, in the EnderCore config set:

  addRegistryNameTooltip=true
  addOreDictionaryTooltips=true

-->

<OreDictionaryPreferences>

  <!-- Vanilla -->
  <preference oreDictionary="sand" >
    <itemStack modID="minecraft" itemName="sand" itemMeta="0" />
  </preference>

  <!-- Dusts -->
  <preference oreDictionary="dustCoal" >
    <itemStack modID="thermalfoundation" itemName="material" itemMeta="768" />
    <itemStack modID="EnderIO" itemName="itemPowderIngot" itemMeta="0" />
  </preference>
  <preference oreDictionary="dustCharcoal" >
    <itemStack modID="thermalfoundation" itemName="material" itemMeta="769" />
  </preference>
  <preference oreDictionary="dustObsidian" >
    <itemStack modID="thermalfoundation" itemName="material" itemMeta="770" />
    <itemStack modID="EnderIO" itemName="itemPowderIngot" itemMeta="7" />
  </preference>
  <preference oreDictionary="dustIron" >
    <itemStack modID="thermalfoundation" itemName="material" itemMeta="0" />
    <itemStack modID="EnderIO" itemName="itemPowderIngot" itemMeta="1" />
  </preference>
  <preference oreDictionary="dustGold" >
    <itemStack modID="thermalfoundation" itemName="material" itemMeta="1" />
    <itemStack modID="EnderIO" itemName="itemPowderIngot" itemMeta="2" />
  </preference>
  <preference oreDictionary="dustCopper" >
    <itemStack modID="thermalfoundation" itemName="material" itemMeta="64" />
    <itemStack modID="EnderIO" itemName="itemPowderIngot" itemMeta="3" />
  </preference>
  <preference oreDictionary="dustTin" >
    <itemStack modID="thermalfoundation" itemName="material" itemMeta="65" />
    <itemStack modID="EnderIO" itemName="itemPowderIngot" itemMeta="4" />
  </preference>
  <preference oreDictionary="dustSilver" >
    <itemStack modID="thermalfoundation" itemName="material" itemMeta="66" />
  </preference>
  <preference oreDictionary="dustLead" >
    <itemStack modID="thermalfoundation" itemName="material" itemMeta="67" />
  </preference>
  <preference oreDictionary="dustNickel" >
    <itemStack modID="thermalfoundation" itemName="material" itemMeta="69" />
  </preference>
  <preference oreDictionary="dustSulfur" >
    <itemStack modID="thermalfoundation" itemName="material" itemMeta="771" />
  </preference>
  <preference oreDictionary="dustBronze" >
    <itemStack modID="thermalfoundation" itemName="material" itemMeta="99" />
  </preference>
  <preference oreDictionary="dustNetherQuartz" >
    <itemStack modID="appliedenergistics2" itemName="item.itemMultiMaterial" itemMeta="3" />
  </preference>
  <!-- Ingots -->
  <preference oreDictionary="ingotCopper" >
    <itemStack modID="thermalfoundation" itemName="material" itemMeta="128" />
    <itemStack modID="TConstruct" itemName="materials" itemMeta="9" />
  </preference>
  <preference oreDictionary="ingotTin" >
    <itemStack modID="thermalfoundation" itemName="material" itemMeta="129" />
    <itemStack modID="TConstruct" itemName="materials" itemMeta="10" />
  </preference>
  <preference oreDictionary="ingotSilver" >
    <itemStack modID="thermalfoundation" itemName="material" itemMeta="130" />
  </preference>
  <preference oreDictionary="ingotLead" >
    <itemStack modID="thermalfoundation" itemName="material" itemMeta="131" />
  </preference>
  <preference oreDictionary="ingotBronze" >
    <itemStack modID="thermalfoundation" itemName="material" itemMeta="163" />
    <itemStack modID="TConstruct" itemName="materials" itemMeta="13" />
  </preference>
  <preference oreDictionary="ingotAluminum" >
    <itemStack modID="thermalfoundation" itemName="material" itemMeta="132" />
    <itemStack modID="TConstruct" itemName="materials" itemMeta="11" />
  </preference>
  <preference oreDictionary="ingotAluminium" >
    <itemStack modID="TConstruct" itemName="materials" itemMeta="11" />
  </preference>

</OreDictionaryPreferences>
