{
  "name": "slimy",
  "tier": 1,
  "craftAmount": 4,
  "color": "#3EFF77",
  "inputItem": {
    "id": {
      "domain": "minecraft",
      "path": "slime_ball"
    },
    "amount": 1,
    "meta": 0
  },
  "outputs": [
    {
      "item": {
        "id": {
          "domain": "minecraft",
          "path": "slime_ball"
        },
        "amount": 4,
        "meta": 0
      },
      "shape": "DEFAULT"
    }
  ],
  "growthRequirement": {
    "minLight": 7,
    "maxLight": 15,
    "requiredState": null
  }
}