{
	"classes": {
		"Warrior": {
			"relativeIndex": 0,
			"displayColor": "FF3333",
			"description": "@class.warrior.desc",
			"healthPerFortitude": 12,
			"startingItems": [
				"268",
				"270",
				"269",
				"345",
				"320:20"
			],
			"startingSpells": [
				"warrior_leap",
				"warrior_taunt",
				"warrior_leash",
				"warrior_charge",
				"warrior_whirlwind",
				"warrior_shockwave"
			]
		},
		"Mage": {
			"relativeIndex": 1,
			"displayColor": "EE55FF",
			"description": "@class.mage.desc",
			"healthPerFortitude": 7,
			"startingItems": [
				"4652",
				"270",
				"269",
				"345",
				"320:20"
			],
			"startingSpells": [
				"mage_teleport",
				"mage_firebolt",
				"mage_chargedBolt",
				"mage_lightning",
				"mage_gust",
				"mage_blockLeash",
				"mage_fireBreath",
				"mage_launch"
			]
		},
		"Ranger": {
			"relativeIndex": 2,
			"displayColor": "33FF33",
			"description": "@class.ranger.desc",
			"healthPerFortitude": 10,
			"startingItems": [
				"261",
				"262:64",
				"270",
				"269",
				"345",
				"320:20"
			],
			"startingSpells": [
				"ranger_leap",
				"ranger_multishot",
				"ranger_explodingShot",
				"ranger_lightningShot",
				"ranger_torchShot",
				"ranger_trapWind",
				"ranger_haste"
			],
			"comment_climbableBlocks": [
				"1 stone",
				"2 grass",
				"3 dirt",
				"7 bedrock",
				"9 ice",
				"12 sand",
				"13 gravel",
				"17 log",
				"18 leaves",
				"82 clay",
				"87 netherrack",
				"99 giantBrownMushroom",
				"100 giantRedMushroom",
				"110 mycelium"
			],
			"climbableBlocks": [1, 2, 3, 7, 9, 12, 13, 17, 18, 82, 87, 99, 100, 110]
		}
	},
	"spells": {
		"warrior_leap": {
			"displayName": "@spell.warrior.leap.name",
			"description": "@spell.warrior.leap.desc",
			"effectScript": "@spell_leap.ss",
			"effectScriptParams": {
				"FALL_CUSHION": "-8f",
				"SOUND": "\"random.bow\", 1f, .5f, .25f",
				"VEL_FORWARD": "1f",
				"VEL_UP" : "1f"
			},
			"textureID": 1,
			"manaCost": 7,
			"coolDown": 15
		},
		"warrior_taunt": {
			"displayName": "@spell.warrior.taunt.name",
			"description": "@spell.warrior.taunt.desc",
			"effectScript": "@spell_taunt.ss",
			"effectScriptParams": {
				"MAX_DISTANCE": "16",
				"SOUND": "\"note.snare\", 1.3f, .5f, .25f"
			},
			"textureID": 0,
			"manaCost": 5,
			"coolDown": 50
		},
		"warrior_leash": {
			"displayName": "@spell.warrior.leash.name",
			"description": "@spell.warrior.leash.desc",
			"effectScript": "@spell_leash.ss",
			"effectScriptParams": {
				"MAX_DISTANCE": "16",
				"PUSH_PARAMS": "False, -.01d, -.16d, .45d, .05d",
				"SOUND": "\"random.bow\", 1f, .6f, .25f"
			},
			"textureID": 6,
			"manaCost": 5,
			"coolDown": 15
		},
		"warrior_charge": {
			"displayName": "@spell.warrior.charge.name",
			"description": "@spell.warrior.charge.desc",
			"effectScript": "@spell_charge.ss",
			"effectScriptParams": {
				"CHECK_RADIUS": "2.",
				"DAMAGE_MULT": "1f",
				"DURATION": "5",
				"EFFECT_RADIUS": "4.",
				"PUSH_PARAMS": "False, .80, -.25, .50, -.25",
				"STOP_ON_IMPACT": "False",
				"VEL_GROUND": ".7f",
				"VEL_WATER": ".8f",
				"VEL_JUMP_FORWARD": "1.1f",
				"VEL_JUMP_UP": ".4f"
			},
			"textureID": 3,
			"manaCost": 5,
			"coolDown": 30
		},
		"warrior_whirlwind": {
			"displayName": "@spell.warrior.whirlwind.name",
			"description": "@spell.warrior.whirlwind.desc",
			"effectScript": "@spell_whirlwind.ss",
			"effectScriptParams": {
				"DAMAGE_MULT": "1.5f",
				"DURATION": "6",
				"FALL_CUSHION": "-8f",
				"HIT_RADIUS": "3.",
				"SIDE_VEL_BONUS": "1.",
				"SOUND": "\"random.bow\", 1f, .3f, .25f",
				"UP_BOOST": ".8"
			},
			"textureID": 21,
			"manaCost": 8,
			"coolDown": 30
		},
		"warrior_shockwave": {
			"displayName": "@spell.warrior.shockwave.name",
			"description": "@spell.warrior.shockwave.desc",
			"effectScript": "@spell_shockwave.ss",
			"effectScriptParams": {
				"BLOCK_ATTACK_PARAMS": "0, .5f, .75f",
				"BLOCK_EFFECT_RADIUS": "2.",
				"BLOCK_PUSH_PARAMS": "False, .3, 0., .4, 0.",
				"BLOCK_UP_VEL": ".3",
				"DURATION": "25 + (caster.getStr() - 10)",
				"SHOCKWAVE_VEL": ".3",
				"SOUND": "\"random.bow\", 1f, .01f, .0025f"
			},
			"textureID": 2,
			"manaCost": 6,
			"coolDown": 1
		},

		"mage_teleport": {
			"displayName": "@spell.mage.teleport.name",
			"description": "@spell.mage.teleport.desc",
			"effectScript": "@spell_teleport.ss",
			"effectScriptParams": {
				"MAX_DISTANCE": "16f",
				"SOUND": "\"mob.endermen.portal\", 1f, 1f, .1f",
				"STABLE_RANGE": "8f"
			},
			"textureID": 4,
			"manaCost": 10,
			"coolDown": 20
		},
		"mage_firebolt": {
			"displayName": "@spell.mage.firebolt.name",
			"description": "@spell.mage.firebolt.desc",
			"effectScript": "@spell_firebolt.ss",
			"textureID": 19,
			"manaCost": 2,
			"manaCostPerStat": 0.2,
			"stat": "intelligence",
			"coolDown": 10
		},
		"mage_chargedBolt": {
			"displayName": "@spell.mage.chargedBolt.name",
			"description": "@spell.mage.chargedBolt.desc",
			"effectScript": "@spell_chargedbolt.ss",
			"textureID": 21,
			"manaCost": 1,
			"manaCostPerStat": 0.3,
			"stat": "intelligence",
			"coolDown": 10
		},
		"mage_lightning": {
			"displayName": "@spell.mage.lightning.name",
			"description": "@spell.mage.lightning.desc",
			"effectScript": "@spell_lightning.ss",
			"textureID": 18,
			"manaCost": 20,
			"coolDown": 40
		},
		"mage_gust": {
			"displayName": "@spell.mage.gust.name",
			"description": "@spell.mage.gust.desc",
			"effectScript": "@spell_gust.ss",
			"effectScriptParams": {
				"PUSH_PARAMS": "False, 1.2, -.115, .85, -.08",
				"EFFECT_RADIUS": "10d",
				"SOUND": "\"random.bow\", 1f, .6f, .25f"
			},
			"textureID": 2,
			"manaCost": 7,
			"coolDown": 100
		},
		"mage_blockLeash": {
			"displayName": "@spell.mage.blockLeash.name",
			"description": "@spell.mage.blockLeash.desc",
			"effectScript": "@spell_blockLeash.ss",
			"effectScriptParams": {
				"MAX_DISTANCE": "10",
				"PUSH_PARAMS": "False, -.01, -.08, .3, 0."
			},
			"textureID": 2,
			"manaCost": 6,
			"coolDown": 1
		},
		"mage_fireBreath": {
			"displayName": "@spell.mage.fireBreath.name",
			"description": "@spell.mage.fireBreath.desc",
			"activeScript": "@spell_firebreath.ss",
			"textureID": 19,
			"activeManaCost": 0.1
		},
		"mage_launch": {
			"displayName": "@spell.mage.launch.name",
			"description": "@spell.mage.launch.desc",
			"effectScript": "@spell_launch.ss",
			"textureID": 1,
			"manaCost": 10,
			"coolDown": 20
		},

		"ranger_leap": {
			"displayName": "@spell.ranger.leap.name",
			"description": "@spell.ranger.leap.desc",
			"effectScript": "@spell_leap.ss",
			"effectScriptParams": {
				"FALL_CUSHION": "-8f",
				"SOUND": "\"random.bow\", 1f, .5f, .25f",
				"VEL_FORWARD": "1f",
				"VEL_UP" : "1f"
			},
			"textureID": 1,
			"manaCost": 7,
			"coolDown": 15
		},
		"ranger_multishot": {
			"displayName": "@spell.ranger.multishot.name",
			"description": "@spell.ranger.multishot.desc",
			"effectScript": "@spell_multishot.ss",
			"effectScriptParams": {
				"ARROWS_FIRED": "3 + (caster.getDex() - 10) / 7",
				"DRAW_TIME": "-1f",
				"INACCURACY": "13.5f"
			},
			"textureID": 7,
			"coolDown": 20,
			"delayCast": true
		},
		"ranger_explodingShot": {
			"displayName": "@spell.ranger.explodingShot.name",
			"description": "@spell.ranger.explodingShot.desc",
			"effectScript": "@spell_explodingshot.ss",
			"effectScriptParams": {
				"DRAW_TIME": "-2f",
				"EXPLOSION_SIZE": "2.3f",
				"SOUND": "\"random.bow\", 1f, .8f, .2f"
			},
			"textureID": 5,
			"manaCost": 15,
			"coolDown": 100,
			"delayCast": true
		},
		"ranger_lightningShot": {
			"displayName": "@spell.ranger.lightningShot.name",
			"description": "@spell.ranger.lightningShot.desc",
			"effectScript": "@spell_lightningshot.ss",
			"effectScriptParams": {
				"DRAW_TIME": "-2f",
				"LIGHTNING_DAMAGE": "caster.getDex() * randrange(.2f, .5f)",
				"SOUND": "\"random.bow\", 1f, .8f, .2f"
			},
			"textureID": 21,
			"manaCost": 15,
			"coolDown": 100,
			"delayCast": true
		},
		"ranger_torchShot": {
			"displayName": "@spell.ranger.torchShot.name",
			"description": "@spell.ranger.torchShot.desc",
			"effectScript": "@spell_blockshot.ss",
			"effectScriptParams": {
				"BLOCKS_CONSUMED": "1",
				"BLOCK_TO_PLACE": "50",
				"DRAW_TIME": "-1f",
				"PARTICLE": "\"smoke\"",
				"SOUND": "\"random.bow\", 1f, .8f, .2f"
			},
			"textureID": 19,
			"coolDown": 5,
			"delayCast": true
		},
		"ranger_trapWind": {
			"displayName": "@spell.ranger.trapWind.name",
			"description": "@spell.ranger.trapWind.desc",
			"effectScript": "@spell_trapwind.ss",
			"effectScriptParams": {
				"CHECK_FREQUENCY": "7",
				"EFFECT_PUSH_PARAMS": "False, .8, 0., .5, 0.",
				"EFFECT_RADIUS": "10.",
				"PLACEMENT_RANGE": "4",
				"TRAP_DURATION": "2000",
				"TRIGGER_RADIUS": "2.",
				"TRIGGER_SOUND": "\"random.bow\", 1f, .3f, .25f"
			},
			"textureID": 2,
			"manaCost": 20,
			"coolDown": 5
		},
		"ranger_haste": {
			"displayName": "@spell.ranger.haste.name",
			"description": "@spell.ranger.haste.desc",
			"effectScript": "@spell_haste.ss",
			"effectScriptParams": {
				"DURATION": "20 * 10",
				"MVMT_BONUS_BASE": ".3f",
				"MVMT_BONUS_PER_DEX": ".01f",
				"PCT_LIFE_COST": ".1f",
				"SOUND": "\"mob.endermen.portal\", 1f, 1.25f, .25f"
			},
			"textureID": 1,
			"coolDown": 1200
		}
	}
}