Code Name,Actual Name,Description
-DO NOT EDIT THIS FIELD-,This is the Actual Name of a Object,Description of the object
tile.thaumprocessor.infuser.*.1,Thaumic Infuser
tile.thaumprocessor.duplicator.*.1,Thaumic Duplicator,"This device will duplicate pretty much anything, at a cost of 4 times its worth in thaum."
tile.thaumcrucible.crucible.*.1,Thaumic Crucible
tile.thaumcrucible.condenser.*.1,Thaumic Condenser,This device absorbes ambient thaum within a _____ meter radius.   (is it 4 or 5 Azanor?)
tile.thaumcrucible.obbase.*.1,Obelisk Piece,A piece of the mysterious obelisk. I am pretty sure this is the base.
tile.thaumcrucible.obmiddle1.*.1,Obelisk Piece,A piece of the mysterious obelisk. I am pretty sure this is....wait was it the to second from the bottom or from the top?
tile.thaumcrucible.obmiddle2.*.1,Obelisk Piece,A piece of the mysterious obelisk. I am pretty sure this is....wait was it the to second from the bottom or from the top?
tile.thaumcrucible.obcap.*.1,Obelisk Piece,A piece of the mysterious obelisk. I am pretty sure this is the top.
tile.thaumconduit.pipe.*.1,Thaumic Conduit,Glass tubes along which thaum can travel safely.
tile.thaumconduit.node.*.1,Thaumic Node,A specially built storage unit that can hold 100 thaum. Can not be placed adjacent to other Nodes due to the strange properties of thaum.
item.thaumsymbol.iron.*.1,Iron Symbol
item.thaumsymbol.stone.*.1,Stone Symbol
item.thaumsymbol.gold.*.1,Gold Symbol
item.thaumsymbol.lapis.*.1,Lapis Symbol
item.thaumsymbol.mossy.*.1,Mossy Symbol
item.thaumsymbol.earth.*.1,Earth Symbol
item.thaumsymbol.ice.*.1,Frozen Symbol
item.thaumsymbol.blazing.*.1,Blazing Symbol
item.thaumsymbol.eye.*.1,Seeing Symbol
item.thaumtemplate.symbol.*.1,Blank Symbol
item.thaumtemplate.rune.*.1,Blank Rune
item.thaumtemplate.device.*.1,Arcane Tinkering Tools
item.thaumtemplate.reagent.*.1,Infusion Mold
item.thaumrune.iron.*.1,Iron Rune
item.thaumrune.gold.*.1,Gold Rune
item.thaumrune.diamond.*.1,Diamond Rune
item.thaumrune.black.*.1,Flint Rune
item.thaumrune.red.*.1,Redstone Rune
item.thaumrune.lapis.*.1,Lapis Rune
item.thaumgrenade.thaumgrenade0.*.1,Unstable Thaumic Singularity,Do not toss at feet!
tem.thaumgrenade.thaumgrenade1.*.1,Stabilized  Thaumic Singularity,Sure if by stabilized you mean more destructive. DO NOT TOSS AT FEET!
item.thaumreagents.thaumcoal0.*.1,Glimmering Alumentum
item.thaumreagents.thaumcoal1.*.1,Glowing Alumentum
item.thaumreagents.thaumcoal2.*.1,Incandescent Alumentum
item.thaumreagents.thaumdust0.*.1,Glimmering Nitor
item.thaumreagents.thaumdust1.*.1,Glowing Nitor
item.thaumreagents.thaumdust2.*.1,Incandescent Nitor
item.thaumreagents.thaumcrystal.*.1,Crystalized Thaum,"Thaum which has taken on a solid state, often found within the remains of thaumic slimes."
item.fabric.fabric.*.1,Fabric,"Fabric, that you can use as a blanket, cape or towel."
item.fabric.enchantedfabric.*.1,Enchanted Fabric,"Fabric that has been infused with thaum. Makes for a good shower curtain, and as one person discovered if crafted properly can be used to make a portable hole."
item.thaumportablehole,Portable Hole,This device allows for the passage through solid objects by placing it onto said object.